,title,rating,year,month,certificate,runtime,directors,stars,genre,filming_location,budget,income,country_of_origin,release_date
0,Avatar: The Way of Water,7.8,2022,December,PG-13,192,James Cameron,"Sam Worthington, Zoe Saldana, Sigourney Weaver, Stephen Lang","Action, Adventure, Fantasy",New Zealand,350000000.0,2267946983.0,United States,2022-12
1,Guillermo del Toro's Pinocchio,7.6,2022,December,PG,117,"Guillermo del Toro, Mark Gustafson","Ewan McGregor, David Bradley, Gregory Mann, Burn Gorman","Animation, Drama, Family",USA,35000000.0,108967.0,"United States, Mexico, France",2022-12
2,Bullet Train,7.3,2022,August,R,127,David Leitch,"Brad Pitt, Joey King, Aaron Taylor Johnson, Brian Tyree Henry","Action, Comedy, Thriller",Japan,85900000.0,239268602.0,"Japan, United States",2022-8
3,The Banshees of Inisherin,7.8,2022,November,R,114,Martin McDonagh,"Colin Farrell, Brendan Gleeson, Kerry Condon, Pat Shortt","Comedy, Drama",Ireland,,19720823.0,"Ireland, United Kingdom, United States",2022-11
4,M3gan,6.4,2022,December,PG-13,102,Gerard Johnstone,"Jenna Davis, Amie Donald, Allison Williams, Violet McGraw","Horror, Sci-Fi, Thriller",New Zealand,12000000.0,171253910.0,United States,2022-12
5,Emancipation,6.1,2022,December,R,132,Antoine Fuqua,"Will Smith, Ben Foster, Charmaine Bingwa, Gilbert Owuor","Action, Thriller",Unknown,120000000.0,,United States,2022-12
6,Amsterdam,6.1,2022,October,R,134,David O Russell,"Christian Bale, Margot Robbie, John David Washington, Alessandro Nivola","Comedy, Drama, History",USA,80000000.0,31245810.0,"United States, Japan",2022-10
7,Violent Night,6.9,2022,December,R,112,Tommy Wirkola,"David Harbour, John Leguizamo, Beverly D Angelo, Alex Hassell","Action, Comedy, Crime",Canada,20000000.0,59595460.0,"United States, Canada",2022-12
8,The Whale,7.8,2022,December,R,117,Darren Aronofsky,"Brendan Fraser, Sadie Sink, Ty Simpkins, Hong Chau",Drama,USA,10000000.0,31104312.0,United States,2022-12
9,The Fabelmans,7.6,2022,November,PG-13,151,Steven Spielberg,"Michelle Williams, Gabriel LaBelle, Paul Dano, Judd Hirsch",Drama,USA,40000000.0,9500361.0,United States,2022-11
10,The Menu,7.5,2022,November,R,107,Mark Mylod,"Ralph Fiennes, Anya Taylor Joy, Nicholas Hoult, Hong Chau","Comedy, Horror, Thriller",USA,35000000.0,65878071.0,United States,2022-11
11,Babylon,7.3,2022,December,R,188,Damien Chazelle,"Brad Pitt, Margot Robbie, Jean Smart, Olivia Wilde","Comedy, Drama, History",USA,78000000.0,61851455.0,United States,2022-12
12,X,6.6,2022,March,R,105,Ti West,"Mia Goth, Jenna Ortega, Brittany Snow, Kid Cudi","Horror, Mystery, Thriller",New Zealand,1000000.0,14779858.0,"United States, Canada",2022-3
13,Bones and All,7.0,2022,November,R,131,Luca Guadagnino,"Timoth e Chalamet, Taylor Russell, Mark Rylance, Kendle Coffey","Drama, Horror, Romance",USA,16000000.0,14134907.0,"Italy, United States",2022-11
14,Black Adam,6.5,2022,October,PG-13,125,Jaume Collet Serra,"Dwayne Johnson, Aldis Hodge, Pierce Brosnan, Noah Centineo","Action, Adventure, Fantasy",USA,195000000.0,391273355.0,"United States, Canada, New Zealand, Hungary",2022-10
15,Spirited,6.6,2022,November,PG-13,127,Sean Anders,"Will Ferrell, Ryan Reynolds, Octavia Spencer, Patrick Page","Comedy, Family, Musical",USA,100000000.0,,United States,2022-11
16,Lady Chatterley's Lover,6.7,2022,December,R,126,Laure de Clermont Tonnerre,"Emma Corrin, Jack O Connell, Matthew Duckett, Joely Richardson","Drama, Romance",UK,,,"United Kingdom, United States",2022-12
17,A Christmas Story Christmas,6.8,2022,November,PG,98,Clay Kaytis,"Peter Billingsley, Erinn Hayes, River Drosche, Julianna Layne","Comedy, Family",USA,,,"United States, Mexico, Hungary, Canada",2022-11
18,Troll,5.8,2022,December,TV-14,101,Roar Uthaug,"Ine Marie Wilmann, Kim Falck, Mads Sj g rd Pettersen, Gard B Eidsvold","Action, Adventure, Drama",Norway,,,Norway,2022-12
19,Black Panther: Wakanda Forever,6.8,2022,November,PG-13,161,Ryan Coogler,"Letitia Wright, Lupita Nyong o, Danai Gurira, Winston Duke","Action, Adventure, Drama",USA,250000000.0,791852924.0,United States,2022-11
20,Glass Onion: A Knives Out Mystery,7.6,2022,December,PG-13,140,Rian Johnson,"Daniel Craig, Edward Norton, Kate Hudson, Dave Bautista","Comedy, Crime, Drama",Greece,40000000.0,13280000.0,United States,2022-12
21,Triangle of Sadness,7.6,2022,September,R,147,Ruben stlund,"Thobias Thorwid, Harris Dickinson, Charlbi Dean, Jiannis Moustos","Comedy, Drama",Greece,,17211145.0,"Sweden, France, United Kingdom, Germany, Turkey, Greece, United States, Denmark, Switzerland, Mexico",2022-9
22,Everything Everywhere All at Once,8.1,2022,March,R,139,"Dan Kwan, Daniel Scheinert","Michelle Yeoh, Stephanie Hsu, Jamie Lee Curtis, Ke Huy Quan","Action, Adventure, Comedy",USA,25000000.0,103384361.0,United States,2022-3
23,Emily the Criminal,6.7,2022,August,R,97,John Patton Ford,"Aubrey Plaza, Theo Rossi, Bernardo Badillo, John Billingsley","Crime, Drama, Thriller",Mexico,3000000.0,2156296.0,United States,2022-8
24,God's Crooked Lines,7.0,2022,December,TV-MA,154,Oriol Paulo,"B rbara Lennie, Eduard Fern ndez, Loreto Maule n, Javier Beltr n",Mystery,Spain,,6060070.0,Spain,2022-12
25,Don't Worry Darling,6.2,2022,September,R,123,Olivia Wilde,"Florence Pugh, Harry Styles, Chris Pine, Olivia Wilde","Drama, Thriller",USA,20000000.0,86709403.0,United States,2022-9
26,Pinocchio,5.1,2022,September,PG,105,Robert Zemeckis,"Joseph Gordon Levitt, Tom Hanks, Benjamin Evan Ainsworth, Angus Wright","Adventure, Comedy, Drama",Italy,150000000.0,37353.0,United States,2022-9
27,Top Gun: Maverick,8.4,2022,May,PG-13,130,Joseph Kosinski,"Tom Cruise, Jennifer Connelly, Miles Teller, Val Kilmer","Action, Drama",USA,170000000.0,1488732821.0,United States,2022-5
28,Smile,6.6,2022,September,R,115,Parker Finn,"Sosie Bacon, Jessie T Usher, Kyle Gallner, Robin Weigert","Horror, Mystery, Thriller",USA,17000000.0,216135048.0,United States,2022-9
29,The Batman,7.8,2022,March,PG-13,176,Matt Reeves,"Robert Pattinson, Zo Kravitz, Jeffrey Wright, Colin Farrell","Action, Crime, Drama",UK,200000000.0,770836163.0,United States,2022-3
30,Something from Tiffany's,6.2,2022,December,PG,87,Daryl Wein,"Zoey Deutch, Kendrick Sampson, Ray Nicholson, Shay Mitchell","Comedy, Family, Romance",USA,,,United States,2022-12
31,Barbarian,7.1,2022,September,R,102,Zach Cregger,"Georgina Campbell, Bill Skarsg rd, Justin Long, Matthew Patrick Davis","Horror, Mystery, Thriller",Bulgaria,4500000.0,45352337.0,United States,2022-9
32,She Said,7.2,2022,November,R,129,Maria Schrader,"Carey Mulligan, Zoe Kazan, Patricia Clarkson, Andre Braugher","Drama, History",USA,32000000.0,11110294.0,United States,2022-11
33,Ticket to Paradise,6.2,2022,October,PG-13,104,Ol Parker,"George Clooney, Sean Lynch, Julia Roberts, Arielle Carver O Neill","Comedy, Romance",Australia,60000000.0,167456898.0,"United States, United Kingdom",2022-10
34,The Noel Diary,6.1,2022,November,TV-14,99,Charles Shyer,"Justin Hartley, Bonnie Bedelia, Barrett Doss, James Remar","Comedy, Drama, Romance",USA,,,United States,2022-11
35,Prey for the Devil,5.2,2022,October,PG-13,93,Daniel Stamm,"Jacqueline Byers, Debora Zhecheva, Christian Navarro, Posy Taylor","Horror, Thriller",Unknown,,43300652.0,United States,2022-10
36,The Northman,7.1,2022,April,R,137,Robert Eggers,"Alexander Skarsg rd, Nicole Kidman, Claes Bang, Ethan Hawke","Action, Adventure, Drama",Iceland,60000000.0,69633110.0,"United States, China, United Kingdom",2022-4
37,The Pale Blue Eye,7.6,2022,January,R,128,Scott Cooper,"Christian Bale, Harry Melling, Fred Hechinger, Gillian Anderson","Crime, Horror, Mystery",USA,72000000.0,,United States,2022-1
38,Puss in Boots: The Last Wish,7.7,2022,December,PG,100,"Joel Crawford, Januel Mercado","Antonio Banderas, Salma Hayek, Harvey Guill n, Florence Pugh","Animation, Adventure, Comedy",Unknown,,28563190.0,United States,2022-12
39,All Quiet on the Western Front,7.8,2022,October,R,148,Edward Berger,"Felix Kammerer, Albrecht Schuch, Aaron Hilmer, Moritz Klaus","Action, Drama, War",Belgium,,,"Germany, United States, United Kingdom",2022-10
40,TÃ¡r,7.8,2022,October,R,158,Todd Field,"Cate Blanchett, No mie Merlant, Nina Hoss, Sophie Kauer","Biography, Drama, Music",Germany,35000000.0,5493533.0,United States,2022-10
41,Falling for Christmas,5.2,2022,November,TV-PG,93,Janeen Damian,"Lindsay Lohan, Chord Overstreet, George Young, Jack Wagner","Comedy, Romance",USA,,,United States,2022-11
42,Scrooge: A Christmas Carol,6.1,2022,December,TV-Y7,96,Stephen Donnelly,"Luke Evans, Olivia Colman, Jessie Buckley, Johnny Flynn","Animation, Adventure, Comedy",Unknown,,,"United Kingdom, United States",2022-12
43,The Swimmers,7.4,2022,November,PG-13,134,Sally El Hosaini,"Matthias Schweigh fer, Manal Issa, Nathalie Issa, Ali Suliman","Biography, Drama, Sport",Turkey,,,"United Kingdom, United States",2022-11
44,Christmas Bloody Christmas,5.2,2022,December,Not Rated,86,Joe Begos,"Riley Dandy, Sam Delich, Jonah Ray, Dora Madison",Horror,USA,,190662.0,United States,2022-12
45,Kantara,8.5,2022,September,,148,Rishab Shetty,"Rishab Shetty, Kishore Kumar G , Achyuth Kumar, Sapthami Gowda","Action, Adventure, Drama",Unknown,2000000.0,2406221.0,India,2022-9
46,Nope,6.9,2022,July,R,130,Jordan Peele,"Daniel Kaluuya, Keke Palmer, Steven Yeun, Brandon Perea","Horror, Mystery, Sci-Fi",USA,68000000.0,171235592.0,"United States, Canada, Japan",2022-7
47,Where the Crawdads Sing,7.1,2022,July,PG-13,125,Olivia Newman,"Daisy Edgar Jones, Taylor John Smith, Harris Dickinson, David Strathairn","Drama, Mystery, Thriller",USA,24000000.0,140230760.0,United States,2022-7
48,Scream,6.3,2022,January,R,114,"Matt Bettinelli Olpin, Tyler Gillett","Neve Campbell, Courteney Cox, David Arquette, Melissa Barrera","Horror, Mystery, Thriller",USA,24000000.0,140041405.0,United States,2022-1
49,Strange World,5.1,2022,November,PG,102,"Don Hall, Qui Nguyen","Jake Gyllenhaal, Jaboukie Young White, Gabrielle Union, Dennis Quaid","Animation, Action, Adventure",USA,120000000.0,62170845.0,United States,2022-11
50,The Wonder,6.6,2022,November,R,108,Sebasti n Lelio,"Florence Pugh, Tom Burke, K la Lord Cassidy, Niamh Algar","Drama, Mystery, Thriller",Ireland,,,"Ireland, United Kingdom, United States",2022-11
51,Freddy,8.0,2022,December,,124,Shashanka Ghosh,"Kartik Aaryan, Alaya F, Karan Pandit, Sajjad Delafrooz","Drama, Mystery, Romance",Unknown,,,India,2022-12
52,Doctor G,6.9,2022,October,,124,Anubhuti Kashyap,"Rakul Preet Singh, Ayushmann Khurrana, Shefali Shah, Ayesha Kaduskar","Comedy, Drama",Unknown,,2171942.0,India,2022-10
53,I Believe in Santa,4.4,2022,December,PG,89,Alex Ranarivelo,"Christina Moore, John Ducey, Violet McGraw, Sachin Bhatt","Comedy, Romance",Unknown,,,United States,2022-12
54,This Is Christmas,6.9,2022,December,,111,Chris Foggin,"Alfred Enoch, Laura Aikman, Kriss Dillon, Jack Donoghue","Comedy, Romance",UK,9000000.0,,United Kingdom,2022-12
55,Pearl,7.0,2022,September,R,103,Ti West,"Mia Goth, David Corenswet, Tandi Wright, Matthew Sunderland",Horror,New Zealand,,9423445.0,"United States, Canada",2022-9
56,The Woman King,6.7,2022,September,PG-13,135,Gina Prince Bythewood,"Viola Davis, Thuso Mbedu, Lashana Lynch, Sheila Atim","Action, Drama, History",South Africa,50000000.0,92272486.0,United States,2022-9
57,Your Christmas or Mine?,6.4,2022,December,,95,Jim O Hanlon,"Asa Butterfield, Cora Kirk, Daniel Mays, Angela Griffin","Comedy, Romance",UK,,,United Kingdom,2022-12
58,Disenchanted,5.7,2022,November,PG,119,Adam Shankman,"Amy Adams, Patrick Dempsey, Maya Rudolph, Gabriella Baldacchino","Animation, Adventure, Comedy",Ireland,,,United States,2022-11
59,White Noise,6.6,2022,December,R,136,Noah Baumbach,"Adam Driver, Greta Gerwig, Don Cheadle, Madison Gaughan","Comedy, Drama, Horror",USA,80000000.0,70459.0,"United States, United Kingdom",2022-12
60,Night at the Museum: Kahmunrah Rises Again,5.0,2022,December,PG,77,"Matt Danner, Justin Lovell","Joshua Bassett, Jamie Demetriou, Alice Isaaz, Christie Bahna","Animation, Adventure, Comedy",USA,,,United States,2022-12
61,Thor: Love and Thunder,6.3,2022,July,PG-13,118,Taika Waititi,"Chris Hemsworth, Natalie Portman, Christian Bale, Tessa Thompson","Action, Adventure, Comedy",Australia,250000000.0,760928081.0,"Australia, United States",2022-7
62,Nanny,5.2,2022,December,R,99,Nikyatu Jusu,"Anna Diop, Michelle Monaghan, Sinqua Walls, Morgan Spector","Drama, Horror, Thriller",Unknown,,,United States,2022-12
63,Empire of Light,6.6,2022,December,R,115,Sam Mendes,"Olivia Colman, Micheal Ward, Colin Firth, Toby Jones","Drama, Romance",UK,,616584.0,"United Kingdom, United States",2022-12
64,The Mean One,4.2,2022,December,,93,Steven LaMorte,"David Howard Thornton, Krystle Martin, Chase Mullins, Amy Schumacher",Horror,Unknown,,520200.0,United States,2022-12
65,Slumberland,6.7,2022,November,PG,117,Francis Lawrence,"Jason Momoa, Marlow Barkley, Chris O Dowd, Kyle Chandler","Adventure, Comedy, Family",Canada,150000000.0,,United States,2022-11
66,Aftersun,7.7,2022,November,R,102,Charlotte Wells,"Paul Mescal, Frankie Corio, Celia Rowlson Hall, Sally Messham",Drama,Turkey,,2229943.0,"United Kingdom, United States",2022-11
67,Roald Dahl's Matilda the Musical,7.4,2022,December,PG,117,Matthew Warchus,"Alisha Weir, Emma Thompson, Lashana Lynch, Stephen Graham","Comedy, Drama, Family",UK,,15504227.0,"United Kingdom, United States",2022-12
68,Devotion,7.0,2022,November,PG-13,139,J D Dillard,"Jonathan Majors, Glen Powell, Christina Jackson, Thomas Sadoski","Action, Drama, War",USA,90000000.0,19949405.0,United States,2022-11
69,Terrifier 2,6.2,2022,October,Not Rated,138,Damien Leone,"Lauren LaVera, David Howard Thornton, Jenna Kanell, Kailey Hyman",Horror,USA,250000.0,12150025.0,United States,2022-10
70,See How They Run,6.5,2022,September,PG-13,98,Tom George,"Kieran Hodgson, Pearl Chanda, Gregory Cox, Harris Dickinson","Comedy, Mystery",UK,40000000.0,21966634.0,"United States, United Kingdom",2022-9
71,The Stranger,6.6,2022,October,TV-MA,117,Thomas M Wright,"Joel Edgerton, Sean Harris, Jada Alberts, Cormac Wright","Crime, Drama, Thriller",Australia,,139087.0,Australia,2022-10
72,Elvis,7.4,2022,June,PG-13,159,Baz Luhrmann,"Tom Hanks, Austin Butler, Olivia DeJonge, Helen Thomson","Biography, Drama, Music",Australia,85000000.0,286040048.0,"United States, Australia",2022-6
73,Weird: The Al Yankovic Story,7.0,2022,November,TV-14,108,Eric Appel,"Diedrich Bader, Daniel Radcliffe, Lin Manuel Miranda, Richard Aaron Anderson","Biography, Comedy, Music",USA,8000000.0,,United States,2022-11
74,The Gray Man,6.5,2022,July,PG-13,122,"Anthony Russo, Joe Russo","Ryan Gosling, Chris Evans, Ana de Armas, Billy Bob Thornton","Action, Thriller",France,200000000.0,454023.0,"United States, Czech Republic",2022-7
75,RRR,7.9,2022,March,Not Rated,187,S S Rajamouli,"N T Rama Rao Jr , Ram Charan Teja, Ajay Devgn, Alia Bhatt","Action, Drama",Bulgaria,,102973162.0,India,2022-3
76,Whitney Houston: I Wanna Dance with Somebody,6.8,2022,December,PG-13,146,Kasi Lemmons,"Naomi Ackie, Stanley Tucci, Ashton Sanders, Tamara Tunie","Biography, Drama, Music",USA,,2730000.0,United States,2022-12
77,The Binge 2: It's A Wonderful Binge,4.7,2022,December,TV-MA,98,Jordan VanDina,"Kaitlin Olson, Danny Trejo, Patty Guggenheim, Eduardo Franco",Comedy,USA,,,United States,2022-12
78,The School for Good and Evil,5.8,2022,October,PG-13,147,Paul Feig,"Kit Young, Sophia Anne Caruso, Cate Blanchett, Liam Woon","Action, Comedy, Drama",UK,,,United States,2022-10
79,Enola Holmes 2,6.8,2022,November,PG-13,129,Harry Bradbeer,"Millie Bobby Brown, Henry Cavill, David Thewlis, Louis Partridge","Action, Adventure, Crime",UK,,,"United Kingdom, United States",2022-11
80,Bardo: False Chronicle of a Handful of Truths,7.0,2022,December,R,159,Alejandro G I rritu,"Daniel Gim nez Cacho, Griselda Siciliani, Ximena Lamadrid, ker S nchez Solano","Comedy, Drama",Mexico,,38190.0,Mexico,2022-12
81,Decision to Leave,7.3,2022,June,,139,Park Chan wook,"Park Hae il, Tang Wei, Lee Jung hyun, Go Kyung Pyo","Crime, Drama, Mystery",South Korea,10000000.0,21661216.0,South Korea,2022-6
82,Fall,6.4,2022,August,PG-13,107,Scott Mann,"Grace Caroline Currey, Virginia Gardner, Mason Gooding, Jeffrey Dean Morgan",Thriller,USA,3000000.0,17377065.0,"United Kingdom, United States",2022-8
83,The Good Nurse,6.8,2022,October,R,121,Tobias Lindholm,"Eddie Redmayne, Jessica Chastain, Denise Pillott, Dartel McRae","Biography, Crime, Drama",USA,,14943.0,United States,2022-10
84,Drishyam 2,8.6,2022,November,,140,Abhishek Pathak,"Ajay Devgn, Tabu, Akshaye Khanna, Shriya Saran","Crime, Drama, Mystery",India,,2776721.0,India,2022-11
85,A Man Called Otto,,2022,January,PG-13,126,Marc Forster,"Tom Hanks, Rachel Keller, Manuel Garcia Rulfo, Kailey Hyman","Comedy, Drama",USA,,,"Sweden, United States",2022-1
86,The Apology,5.0,2022,December,,91,Alison Locke,"Anna Gunn, Linus Roache, Janeane Garofalo, Holland Bailey",Thriller,USA,,,United States,2022-12
87,Uncharted,6.3,2022,February,PG-13,116,Ruben Fleischer,"Tom Holland, Mark Wahlberg, Antonio Banderas, Sophia Ali","Action, Adventure",Spain,120000000.0,401748820.0,"Spain, United States",2022-2
88,Women Talking,7.7,2022,January,PG-13,104,Sarah Polley,"Rooney Mara, Claire Foy, Jessie Buckley, Frances McDormand",Drama,Unknown,,,United States,2022-1
89,Death on the Nile,6.3,2022,February,PG-13,127,Kenneth Branagh,"Tom Bateman, Annette Bening, Kenneth Branagh, Russell Brand","Crime, Drama, Mystery",Egypt,90000000.0,137307235.0,"United States, United Kingdom",2022-2
90,Blonde,5.5,2022,September,NC-17,167,Andrew Dominik,"Ana de Armas, Lily Fisher, Julianne Nicholson, Tygh Runyan","Biography, Drama, Romance",USA,22000000.0,,United States,2022-9
91,Christmas with You,5.5,2022,November,TV-PG,89,Gabriela Tagliavini,"Aimee Garcia, Freddie Prinze Jr , Deja Monique Cruz, Gabriel Sloyer","Comedy, Family, Romance",USA,,,United States,2022-11
92,Corsage,6.7,2022,December,,113,Marie Kreutzer,"Vicky Krieps, Colin Morgan, Ivana Urban, Alma Hasun","Biography, Drama, History",Austria,,1259206.0,"Austria, Luxembourg, Germany, France",2022-12
93,Jurassic World: Dominion,5.7,2022,June,PG-13,147,Colin Trevorrow,"Chris Pratt, Bryce Dallas Howard, Laura Dern, Sam Neill","Action, Adventure, Sci-Fi",Malta,165000000.0,1001136080.0,"United States, China, Malta",2022-6
94,Skinamarink,5.4,2022,January,,100,Kyle Edward Ball,"Jaime Hill, Lucas Paul, Ross Paul, Dali Rose Tetreault",Horror,Canada,,,Canada,2022-1
95,Spoiler Alert,6.7,2022,December,PG-13,112,Michael Showalter,"Jim Parsons, Ben Aldridge, Josh Pais, Allegra Heart","Comedy, Drama",Unknown,,1384003.0,United States,2022-12
96,I Heard the Bells,7.4,2022,December,,110,Joshua Enck,"Stephen Atherholt, Jonathan Blair, Rachel Day Hughes, Zach Meeker",Drama,Unknown,,5382295.0,United States,2022-12
97,Memory,5.7,2022,April,R,114,Martin Campbell,"Liam Neeson, Guy Pearce, Taj Atwal, Harold Torres","Action, Crime, Thriller",Bulgaria,30000000.0,13897255.0,United States,2022-4
98,An Action Hero,8.0,2022,December,,130,Anirudh Iyer,"Ayushmann Khurrana, Nora Fatehi, Akshay Kumar, Malaika Arora","Action, Comedy, Crime",Unknown,,197835.0,India,2022-12
99,The Big Four,6.1,2022,December,TV-MA,141,Timo Tjahjanto,"Abimana Aryasatya, Putri Marino, Lutesha, Arie Kriting","Action, Comedy, Crime",Indonesia,,,Indonesia,2022-12
100,The Fallout,7.0,2021,January,R,96,Megan Park,"Jenna Ortega, Maddie Ziegler, Niles Fitch, Will Ropp",Drama,USA,,,United States,2021-1
101,Farha,8.4,2021,December,TV-14,92,Darin J Sallam,"Karam Taher, Ashraf Barhom, Ali Suliman, Tala Gammoh",Drama,Jordan,,703.0,"Jordan, Saudi Arabia, Sweden",2021-12
102,Dune,8.0,2021,October,PG-13,155,Denis Villeneuve,"Timoth e Chalamet, Rebecca Ferguson, Zendaya, Oscar Isaac","Action, Adventure, Drama",Jordan,165000000.0,401847900.0,"United States, Canada",2021-10
103,Spider-Man: No Way Home,8.3,2021,December,PG-13,148,Jon Watts,"Tom Holland, Zendaya, Benedict Cumberbatch, Jacob Batalon","Action, Adventure, Fantasy",Iceland,200000000.0,1917430023.0,United States,2021-12
104,The Little Things,6.3,2021,January,R,128,John Lee Hancock,"Denzel Washington, Rami Malek, Jared Leto, Chris Bauer","Crime, Drama, Mystery",USA,30000000.0,30863426.0,United States,2021-1
105,No Time to Die,7.3,2021,October,PG-13,163,Cary Joji Fukunaga,"Daniel Craig, Ana de Armas, Rami Malek, L a Seydoux","Action, Adventure, Thriller",UK,250000000.0,774153007.0,"United Kingdom, United States",2021-10
106,Love Hard,6.3,2021,November,TV-MA,104,Hern n Jim nez,"Nina Dobrev, Jimmy O Yang, Darren Barnet, James Saito","Comedy, Romance",Canada,,,United States,2021-11
107,A Boy Called Christmas,6.7,2021,November,PG,106,Gil Kenan,"Maggie Smith, Isabella O Sullivan, Joel Fry, Eden Lawrence","Adventure, Drama, Family",Finland,,3704685.0,"United Kingdom, France",2021-11
108,The Suicide Squad,7.2,2021,August,R,132,James Gunn,"Margot Robbie, Idris Elba, John Cena, Joel Kinnaman","Action, Adventure, Comedy",Panama,185000000.0,168657565.0,United States,2021-8
109,Don't Look Up,7.2,2021,December,R,138,Adam McKay,"Leonardo DiCaprio, Jennifer Lawrence, Meryl Streep, Cate Blanchett","Comedy, Drama, Sci-Fi",USA,75000000.0,791863.0,United States,2021-12
110,The Black Phone,6.9,2021,June,R,103,Scott Derrickson,"Mason Thames, Madeleine McGraw, Ethan Hawke, Jeremy Davies","Horror, Thriller",USA,18000000.0,161204742.0,United States,2021-6
111,Licorice Pizza,7.2,2021,December,R,133,Paul Thomas Anderson,"Alana Haim, Cooper Hoffman, Sean Penn, Tom Waits","Comedy, Drama, Romance",USA,40000000.0,33267952.0,"United States, Canada",2021-12
112,Girl in the Basement,6.3,2021,February,TV-14,88,Elisabeth R hm,"Judd Nelson, Stefanie Scott, Joely Fisher, Emma Myers","Crime, Thriller",Georgia,,,United States,2021-2
113,The King's Man,6.3,2021,December,R,131,Matthew Vaughn,"Ralph Fiennes, Gemma Arterton, Rhys Ifans, Harris Dickinson","Action, Adventure, Thriller",Italy,100000000.0,125897478.0,"United Kingdom, United States",2021-12
114,Sing 2,7.4,2021,December,PG,110,"Garth Jennings, Christophe Lourdelet","Matthew McConaughey, Reese Witherspoon, Scarlett Johansson, Tori Kelly","Animation, Adventure, Comedy",Unknown,85000000.0,407514912.0,"United States, Japan",2021-12
115,Mortal Kombat,6.1,2021,April,R,110,Simon McQuoid,"Lewis Tan, Jessica McNamee, Josh Lawson, Joe Taslim","Action, Adventure, Fantasy",Australia,55000000.0,84416731.0,United States,2021-4
116,Last Night in Soho,7.1,2021,October,R,116,Edgar Wright,"Thomasin McKenzie, Anya Taylor Joy, Matt Smith, Diana Rigg","Drama, Horror, Mystery",UK,43000000.0,22957625.0,"United Kingdom, China",2021-10
117,Nobody,7.4,2021,March,R,92,Ilya Naishuller,"Bob Odenkirk, Aleksey Serebryakov, Connie Nielsen, Christopher Lloyd","Action, Crime, Drama",Canada,16000000.0,57510518.0,"United States, Japan, China",2021-3
118,Nightmare Alley,7.0,2021,December,R,150,Guillermo del Toro,"Bradley Cooper, Cate Blanchett, Toni Collette, Willem Dafoe","Crime, Drama, Thriller",USA,60000000.0,39629195.0,"United States, Mexico, Canada",2021-12
119,Eternals,6.3,2021,November,PG-13,156,Chlo Zhao,"Gemma Chan, Richard Madden, Angelina Jolie, Salma Hayek","Action, Adventure, Fantasy",Spain,200000000.0,402064899.0,United States,2021-11
120,8-Bit Christmas,6.7,2021,November,PG,97,Michael Dowse,"Winslow Fegley, Neil Patrick Harris, Steve Zahn, June Diane Raphael","Comedy, Family",Canada,,,United States,2021-11
121,The Worst Person in the World,7.8,2021,October,R,128,Joachim Trier,"Renate Reinsve, Anders Danielsen Lie, Herbert Nordrum, Hans Olav Brenner","Comedy, Drama, Romance",Norway,,12678166.0,"Norway, France, Sweden, Denmark",2021-10
122,Free Guy,7.1,2021,August,PG-13,115,Shawn Levy,"Ryan Reynolds, Jodie Comer, Taika Waititi, Lil Rel Howery","Action, Adventure, Comedy",USA,120000000.0,331526598.0,"United States, Canada",2021-8
123,Zack Snyder's Justice League,8.0,2021,March,R,242,Zack Snyder,"Henry Cavill, Ben Affleck, Gal Gadot, Amy Adams","Action, Adventure, Fantasy",Iceland,300000000.0,,United States,2021-3
124,Pleasure,6.4,2021,October,R,109,Ninja Thyberg,"Sofia Kappel, Zelda Morrison, Evelyn Claire, Chris Cock",Drama,USA,,393824.0,"Sweden, Netherlands, France",2021-10
125,Single All the Way,6.1,2021,December,TV-PG,99,Michael Mayer,"Michael Urie, Philemon Chambers, Luke Macfarlane, Barry Bostwick","Comedy, Drama, Romance",Canada,,,United States,2021-12
126,House of Gucci,6.6,2021,November,R,158,Ridley Scott,"Lady Gaga, Adam Driver, Al Pacino, Jeremy Irons","Biography, Crime, Drama",Italy,75000000.0,153265068.0,"United States, Canada",2021-11
127,Encanto,7.2,2021,November,PG,102,"Jared Bush, Byron Howard, Charise Castro Smith","Stephanie Beatriz, Mar a Cecilia Botero, John Leguizamo, Mauro Castillo","Animation, Comedy, Family",Unknown,50000000.0,256786742.0,United States,2021-11
128,The Matrix Resurrections,5.7,2021,December,R,148,Lana Wachowski,"Keanu Reeves, Carrie Anne Moss, Yahya Abdul Mateen II, Jonathan Groff","Action, Sci-Fi",Germany,190000000.0,157297525.0,"United States, Australia",2021-12
129,Home Sweet Home Alone,3.6,2021,November,PG,93,Dan Mazer,"Ellie Kemper, Rob Delaney, Archie Yates, Aisling Bea","Comedy, Crime, Family",Canada,15000000.0,,United States,2021-11
130,Ghostbusters: Afterlife,7.1,2021,November,PG-13,124,Jason Reitman,"Carrie Coon, Paul Rudd, Finn Wolfhard, Mckenna Grace","Adventure, Comedy, Fantasy",Canada,75000000.0,204334455.0,"United States, Canada",2021-11
131,Wrath of Man,7.1,2021,May,R,119,Guy Ritchie,"Jason Statham, Holt McCallany, Josh Hartnett, Rocci Williams","Action, Crime, Thriller",USA,40000000.0,103966489.0,"United Kingdom, United States",2021-5
132,Black Widow,6.7,2021,July,PG-13,134,Cate Shortland,"Scarlett Johansson, Florence Pugh, David Harbour, Rachel Weisz","Action, Adventure, Sci-Fi",Norway,200000000.0,379751655.0,United States,2021-7
133,Yes Day,5.7,2021,March,PG,86,Miguel Arteta,"Jennifer Garner, Edgar Ram rez, Jenna Ortega, Julian Lerner","Comedy, Family",USA,,,United States,2021-3
134,F9: The Fast Saga,5.2,2021,June,PG-13,143,Justin Lin,"Vin Diesel, Michelle Rodriguez, Jordana Brewster, Tyrese Gibson","Action, Crime, Thriller",Georgia,200000000.0,726229501.0,United States,2021-6
135,CODA,8.0,2021,August,PG-13,111,Sian Heder,"Emilia Jones, Marlee Matlin, Troy Kotsur, Daniel Durant","Comedy, Drama, Music",USA,10000000.0,1886365.0,"France, Canada, United States",2021-8
136,The Last Duel,7.4,2021,October,R,152,Ridley Scott,"Matt Damon, Adam Driver, Jodie Comer, Harriet Walter","Action, Drama, History",Ireland,100000000.0,30552111.0,"United Kingdom, United States",2021-10
137,A Castle for Christmas,5.5,2021,November,TV-G,98,Mary Lambert,"Brooke Shields, Cary Elwes, Lee Ross, Andi Osho","Adventure, Comedy, Drama",UK,,,"United Kingdom, United States",2021-11
138,Cyrano,6.4,2021,February,PG-13,123,Joe Wright,"Peter Dinklage, Haley Bennett, Kelvin Harrison Jr , Ben Mendelsohn","Drama, Musical, Romance",Italy,,6396686.0,"United Kingdom, Canada, United States",2021-2
139,Silent Night,5.7,2021,December,,92,Camille Griffin,"Keira Knightley, Matthew Goode, Roman Griffin Davis, Annabelle Wallis","Comedy, Drama",Unknown,,438825.0,United Kingdom,2021-12
140,The Power of the Dog,6.8,2021,December,R,126,Jane Campion,"Benedict Cumberbatch, Kirsten Dunst, Jesse Plemons, Kodi Smit McPhee","Drama, Romance, Western",New Zealand,,271009.0,"New Zealand, United Kingdom, Canada, Australia",2021-12
141,The Voyeurs,6.0,2021,September,R,116,Michael Mohan,"Sydney Sweeney, Justice Smith, Ben Hardy, Natasha Liu Bordizzo","Drama, Mystery, Thriller",Canada,,,United States,2021-9
142,Shang-Chi and the Legend of the Ten Rings,7.4,2021,September,PG-13,132,Destin Daniel Cretton,"Simu Liu, Awkwafina, Tony Chiu Wai Leung, Ben Kingsley","Action, Adventure, Fantasy",Australia,200000000.0,432243292.0,United States,2021-9
143,West Side Story,7.2,2021,December,PG-13,156,Steven Spielberg,"Ansel Elgort, Rachel Zegler, Ariana DeBose, David Alvarez","Crime, Drama, Musical",USA,100000000.0,76016171.0,United States,2021-12
144,Operation Mincemeat,6.6,2021,May,PG-13,128,John Madden,"Colin Firth, Matthew Macfadyen, Kelly Macdonald, Rufus Wright","Drama, War",Spain,,15710164.0,"United Kingdom, United States",2021-5
145,Old,5.8,2021,July,PG-13,108,M Night Shyamalan,"Gael Garc a Bernal, Vicky Krieps, Rufus Sewell, Alex Wolff","Drama, Horror, Mystery",Dominican Republic,18000000.0,90146510.0,"United States, Japan, China",2021-7
146,Red Notice,6.3,2021,November,PG-13,118,Rawson Marshall Thurber,"Dwayne Johnson, Ryan Reynolds, Gal Gadot, Ritu Arya","Action, Comedy, Thriller",Italy,160000000.0,178143.0,United States,2021-11
147,Mad God,6.8,2021,June,,83,Phil Tippett,"Alex Cox, Niketa Roman, Satish Ratakonda, Harper Taylor","Animation, Fantasy, Horror",Unknown,,325042.0,United States,2021-6
148,The Green Knight,6.6,2021,July,R,130,David Lowery,"Dev Patel, Alicia Vikander, Joel Edgerton, Sarita Choudhury","Adventure, Drama, Fantasy",Ireland,,18888418.0,"United States, Canada, Ireland",2021-7
149,The Many Saints of Newark,6.3,2021,October,R,120,Alan Taylor,"Alessandro Nivola, Leslie Odom Jr , Jon Bernthal, Vera Farmiga","Crime, Drama",USA,50000000.0,13058293.0,United States,2021-10
150,Belfast,7.3,2021,November,PG-13,98,Kenneth Branagh,"Jude Hill, Lewis McAskie, Caitr ona Balfe, Jamie Dornan","Biography, Drama",UK,25000000.0,48845160.0,United Kingdom,2021-11
151,Father Christmas Is Back,4.5,2021,November,PG-13,105,"Mick Davis, Philippe Martinez","Elizabeth Hurley, John Cleese, Kelsey Grammer, Nathalie Cox",Comedy,UK,,5751.0,United Kingdom,2021-11
152,The Guilty,6.3,2021,October,R,90,Antoine Fuqua,"Jake Gyllenhaal, Riley Keough, Peter Sarsgaard, Christina Vidal","Crime, Drama, Thriller",USA,,,United States,2021-10
153,Army of the Dead,5.7,2021,May,R,148,Zack Snyder,"Dave Bautista, Ella Purnell, Ana de la Reguera, Omari Hardwick","Action, Crime, Horror",USA,70000000.0,,United States,2021-5
154,Malignant,6.2,2021,September,R,111,James Wan,"Annabelle Wallis, Maddie Hasson, George Young, Michole Briana White","Crime, Horror, Mystery",USA,40000000.0,34892041.0,"United States, China",2021-9
155,Marcel the Shell with Shoes On,7.9,2021,June,PG,90,Dean Fleischer Camp,"Jenny Slate, Dean Fleischer Camp, Isabella Rossellini, Joe Gabler","Animation, Comedy, Drama",Unknown,,6336735.0,United States,2021-6
156,The Electrical Life of Louis Wain,6.8,2021,November,PG-13,111,Will Sharpe,"Benedict Cumberbatch, Claire Foy, Andrea Riseborough, Toby Jones","Biography, Drama, History",UK,,1509173.0,United Kingdom,2021-11
157,The Tomorrow War,6.5,2021,July,PG-13,138,Chris McKay,"Chris Pratt, Yvonne Strahovski, J K Simmons, Betty Gilpin","Action, Adventure, Drama",Iceland,200000000.0,14400000.0,United States,2021-7
158,On the Count of Three,7.0,2021,May,R,86,Jerrod Carmichael,"Jerrod Carmichael, Christopher Abbott, Tiffany Haddish, Lavell Crawford","Comedy, Crime, Drama",Canada,,62131.0,United States,2021-5
159,After Yang,6.6,2021,March,PG,96,Kogonada,"Colin Farrell, Jodie Turner Smith, Malea Emma Tjandrawidjaja, Justin H Min","Drama, Sci-Fi",Unknown,,672154.0,United States,2021-3
160,Godzilla vs. Kong,6.3,2021,March,PG-13,113,Adam Wingard,"Alexander Skarsg rd, Millie Bobby Brown, Rebecca Hall, Brian Tyree Henry","Action, Sci-Fi, Thriller",Australia,200000000.0,470067014.0,United States,2021-3
161,Cruella,7.3,2021,May,PG-13,134,Craig Gillespie,"Emma Stone, Emma Thompson, Joel Fry, Paul Walter Hauser","Adventure, Comedy, Crime",UK,100000000.0,233503234.0,"United States, United Kingdom",2021-5
162,Army of Thieves,6.4,2021,October,TV-MA,127,Matthias Schweigh fer,"Matthias Schweigh fer, Nathalie Emmanuel, Ruby O Fee, Stuart Martin","Action, Comedy, Crime",Germany,,,"Germany, United States",2021-10
163,Benedetta,6.8,2021,December,Unrated,131,Paul Verhoeven,"Virginie Efira, Charlotte Rampling, Daphne Patakia, Lambert Wilson","Biography, Drama, History",France,24350000.0,4250592.0,"France, Belgium, Netherlands",2021-12
164,Resident Evil: Welcome to Raccoon City,5.2,2021,November,R,107,Johannes Roberts,"Kaya Scodelario, Robbie Amell, Hannah John Kamen, Tom Hopper","Action, Horror, Sci-Fi",Canada,25000000.0,41914915.0,"Canada, Germany",2021-11
165,Infinite,5.4,2021,June,PG-13,106,Antoine Fuqua,"Mark Wahlberg, Chiwetel Ejiofor, Sophie Cookson, Dylan O Brien","Action, Sci-Fi, Thriller",UK,,,United States,2021-6
166,Boiling Point,7.5,2021,January,R,92,Philip Barantini,"Stephen Graham, Vinette Robinson, Alice Feetham, Ray Panthaki","Drama, Thriller",UK,820000.0,1426916.0,United Kingdom,2021-1
167,The Harder They Fall,6.6,2021,November,R,139,Jeymes Samuel,"Jonathan Majors, Zazie Beetz, RJ Cyler, Edi Gathegi","Action, Drama, Western",USA,,8292.0,United States,2021-11
168,Voyagers,5.4,2021,April,PG-13,108,Neil Burger,"Colin Farrell, Tye Sheridan, Lily Rose Depp, Fionn Whitehead","Adventure, Sci-Fi, Thriller",Romania,,4298184.0,"United States, Czech Republic, Romania, United Kingdom",2021-4
169,Venom: Let There Be Carnage,5.9,2021,October,PG-13,97,Andy Serkis,"Tom Hardy, Woody Harrelson, Michelle Williams, Naomie Harris","Action, Adventure, Sci-Fi",UK,110000000.0,506863592.0,"United States, China",2021-10
170,Red Rocket,7.2,2021,December,R,130,Sean Baker,"Simon Rex, Bree Elrod, Suzanna Son, Brenda Deiss","Comedy, Drama",USA,1100000.0,2312554.0,United States,2021-12
171,Pig,6.9,2021,July,R,92,Michael Sarnoski,"Nicolas Cage, Alex Wolff, Adam Arkin, Cassandra Violet","Drama, Mystery",USA,,3889432.0,"United States, United Kingdom",2021-7
172,No Sudden Move,6.4,2021,July,R,115,Steven Soderbergh,"Don Cheadle, Benicio Del Toro, David Harbour, Jon Hamm","Crime, Drama, Mystery",USA,,,United States,2021-7
173,The Addams Family 2,5.4,2021,October,PG,93,"Greg Tiernan, Conrad Vernon, Laura Brousseau, Kevin Pavlovic","Oscar Isaac, Charlize Theron, Chlo Grace Moretz, Javon Wanna Walton","Animation, Adventure, Comedy",Unknown,,119815153.0,"United States, Canada",2021-10
174,The Innocents,7.0,2021,September,Not Rated,117,Eskil Vogt,"Rakel Lenora Fl ttum, Alva Brynsmo Ramstad, Sam Ashraf, Mina Yasmin Bremseth Asheim","Drama, Fantasy, Horror",Unknown,,232071.0,"Norway, Sweden, Denmark, Finland, France, United Kingdom",2021-9
175,King Richard,7.5,2021,November,PG-13,144,Reinaldo Marcus Green,"Will Smith, Aunjanue Ellis, Jon Bernthal, Saniyya Sidney","Biography, Drama, Sport",USA,50000000.0,39359895.0,United States,2021-11
176,The Forgiven,6.0,2021,September,R,117,John Michael McDonagh,"Jessica Chastain, Ralph Fiennes, Matt Smith, Abbey Lee",Drama,Morocco,,1371556.0,"United Kingdom, United States, Canada",2021-9
177,tick. tick... BOOM!,7.5,2021,November,PG-13,120,Lin Manuel Miranda,"Andrew Garfield, Alexandra Shipp, Robin de Jesus, Vanessa Hudgens","Biography, Comedy, Drama",USA,55000000.0,112777.0,United States,2021-11
178,Antlers,5.9,2021,October,R,99,Scott Cooper,"Keri Russell, Jesse Plemons, Jeremy T Thomas, Graham Greene","Drama, Horror, Mystery",Canada,,18867659.0,"Mexico, United States",2021-10
179,Jungle Cruise,6.6,2021,July,PG-13,127,Jaume Collet Serra,"Dwayne Johnson, Emily Blunt, Edgar Ram rez, Jack Whitehall","Action, Adventure, Comedy",USA,200000000.0,220889446.0,United States,2021-7
180,Drive My Car,7.6,2021,November,Unrated,179,Ry suke Hamaguchi,"Hidetoshi Nishijima, T ko Miura, Reika Kirishima, Masaki Okada",Drama,Japan,,15313054.0,Japan,2021-11
181,Cherry,6.6,2021,March,R,142,"Anthony Russo, Joe Russo","Tom Holland, Ciara Bravo, Jack Reynor, Forrest Goodluck","Crime, Drama",Saudi Arabia,40000000.0,,United States,2021-3
182,Finch,6.9,2021,November,PG-13,115,Miguel Sapochnik,"Tom Hanks, Caleb Landry Jones, Marie Wagenman, Lora Martinez Cunningham","Adventure, Drama, Sci-Fi",USA,,,"United States, India",2021-11
183,The Tragedy of Macbeth,7.1,2021,January,R,105,Joel Coen,"Denzel Washington, Frances McDormand, Alex Hassell, Bertie Carvel","Drama, Mystery, Thriller",USA,,524771.0,United States,2021-1
184,The Lost Daughter,6.7,2021,December,R,121,Maggie Gyllenhaal,"Olivia Colman, Jessie Buckley, Dakota Johnson, Ed Harris",Drama,Greece,,703281.0,"United States, United Kingdom, Israel, Greece",2021-12
185,Stillwater,6.6,2021,July,R,139,Tom McCarthy,"Matt Damon, Camille Cottin, Abigail Breslin, Lilou Siauvaud","Crime, Drama, Thriller",USA,,19754272.0,United States,2021-7
186,The Sadness,6.5,2021,May,TV-MA,99,Rob Jabbaz,"Berant Zhu, Regina Lei, Ying Ru Chen, Tzu Chiang Wang",Horror,Taiwan,,430254.0,Taiwan,2021-5
187,The Unforgivable,7.1,2021,December,R,112,Nora Fingscheidt,"Sandra Bullock, Viola Davis, Vincent D Onofrio, Jon Bernthal","Crime, Drama",Canada,,13062.0,"United Kingdom, Germany, United States",2021-12
188,Spencer,6.6,2021,November,R,117,Pablo Larra n,"Kristen Stewart, Timothy Spall, Sally Hawkins, Jack Nielen","Biography, Drama",Germany,18000000.0,24901028.0,"United Kingdom, Germany, United States, Chile",2021-11
189,Candyman,5.9,2021,August,R,91,Nia DaCosta,"Yahya Abdul Mateen II, Teyonah Parris, Nathan Stewart Jarrett, Colman Domingo","Horror, Thriller",USA,22000000.0,77411570.0,"Canada, United States",2021-8
190,Kate,6.2,2021,September,R,106,Cedric Nicolas Troyan,"Mary Elizabeth Winstead, Woody Harrelson, Miku Patricia Martineau, Tadanobu Asano","Action, Adventure, Crime",Japan,,,United States,2021-9
191,After We Fell,4.7,2021,October,R,98,Castille Landon,"Josephine Langford, Hero Fiennes Tiffin, Louise Lombard, Chance Perdomo","Drama, Romance",Bulgaria,,21753312.0,"United States, Bulgaria",2021-10
192,Luca,7.4,2021,June,PG,95,Enrico Casarosa,"Jacob Tremblay, Jack Dylan Grazer, Emma Berman, Saverio Raimondo","Animation, Adventure, Comedy",Italy,,49750471.0,United States,2021-6
193,The Hating Game,6.2,2021,December,R,102,Peter Hutchings,"Lucy Hale, Austin Stowell, Damon Daunno, Sakina Jaffrey","Comedy, Romance",USA,,1539384.0,"United States, United Kingdom",2021-12
194,Titane,6.6,2021,October,R,108,Julia Ducournau,"Vincent Lindon, Agathe Rousselle, Garance Marillier, La s Salameh","Drama, Horror, Sci-Fi",France,,4982335.0,"France, Belgium",2021-10
195,Till Death,5.8,2021,July,R,88,S K Dale,"Megan Fox, Eoin Macken, Callan Mulvey, Jack Roth",Thriller,Bulgaria,,594582.0,United States,2021-7
196,Raya and the Last Dragon,7.3,2021,March,PG,107,"Don Hall, Carlos L pez Estrada, Paul Briggs, John Ripa","Kelly Marie Tran, Awkwafina, Gemma Chan, Izaac Wang","Animation, Action, Adventure",Vietnam,,130423032.0,United States,2021-3
197,Gunpowder Milkshake,6.0,2021,July,R,114,Navot Papushado,"Karen Gillan, Lena Headey, Carla Gugino, Michelle Yeoh","Action, Crime, Thriller",Germany,30000000.0,1015760.0,"France, Germany, United States",2021-7
198,Benediction,6.6,2021,December,PG-13,137,Terence Davies,"Jack Lowden, Anton Lesser, Kate Phillips, Peter Capaldi","Biography, Drama, War",United Kingdom,,847418.0,"United Kingdom, United States",2021-12
199,The Conjuring: The Devil Made Me Do It,6.3,2021,June,R,112,Michael Chaves,"Patrick Wilson, Vera Farmiga, Ruairi O Connor, Sarah Catherine Hook","Horror, Mystery, Thriller",USA,39000000.0,206401480.0,United States,2021-6
200,365 Days,3.3,2020,June,TV-MA,114,"Barbara Bialowas, Tomasz Mandes","Anna Maria Sieklucka, Michele Morrone, Bronislaw Wroclawski, Otar Saralidze","Drama, Romance",Poland,,9458590.0,Poland,2020-6
201,The Babysitter: Killer Queen,5.8,2020,September,TV-MA,101,McG,"Judah Lewis, Samara Weaving, Jenna Ortega, Emily Alyn Lind","Comedy, Horror",USA,,,United States,2020-9
202,Tenet,7.3,2020,September,PG-13,150,Christopher Nolan,"John David Washington, Robert Pattinson, Elizabeth Debicki, Juhan Ulfsak","Action, Sci-Fi, Thriller",Estonia,205000000.0,365294355.0,"United States, United Kingdom",2020-9
203,Holidate,6.1,2020,October,TV-MA,104,John Whitesell,"Emma Roberts, Luke Bracey, Kristin Chenoweth, Frances Fisher","Comedy, Romance",USA,,,United States,2020-10
204,Happiest Season,6.6,2020,November,PG-13,102,Clea DuVall,"Kristen Stewart, Mackenzie Davis, Mary Steenburgen, Victor Garber","Comedy, Drama, Romance",USA,,2110618.0,"United States, Canada",2020-11
205,Enola Holmes,6.6,2020,September,PG-13,123,Harry Bradbeer,"Millie Bobby Brown, Henry Cavill, Sam Claflin, Helena Bonham Carter","Action, Adventure, Crime",United Kingdom,20000000.0,,United Kingdom,2020-9
206,Emma.,6.7,2020,March,PG,124,Autumn de Wilde,"Anya Taylor Joy, Johnny Flynn, Mia Goth, Josh O Connor","Comedy, Drama, Romance",UK,10000000.0,26404660.0,"United Kingdom, China",2020-3
207,The Christmas Chronicles: Part Two,6.0,2020,November,PG,112,Chris Columbus,"Kurt Russell, Goldie Hawn, Darby Camp, Julian Dennison","Adventure, Comedy, Family",Mexico,,,United States,2020-11
208,Fatman,5.9,2020,November,R,100,"Eshom Nelms, Ian Nelms","Mel Gibson, Walton Goggins, Marianne Jean Baptiste, Chance Hurstfield","Action, Adventure, Comedy",Canada,,1651413.0,"United Kingdom, Canada, United States",2020-11
209,The French Dispatch,7.1,2020,October,R,107,Wes Anderson,"Benicio Del Toro, Adrien Brody, Tilda Swinton, L a Seydoux","Comedy, Drama, Romance",France,25000000.0,46333545.0,"Germany, United States",2020-10
210,Wonder Woman 1984,5.4,2020,December,PG-13,151,Patty Jenkins,"Gal Gadot, Chris Pine, Kristen Wiig, Pedro Pascal","Action, Adventure, Fantasy",USA,200000000.0,169602006.0,United States,2020-12
211,Promising Young Woman,7.5,2020,December,R,113,Emerald Fennell,"Carey Mulligan, Bo Burnham, Alison Brie, Clancy Brown","Crime, Drama, Mystery",USA,,18854166.0,"United Kingdom, United States",2020-12
212,Another Round,7.7,2020,December,Not Rated,117,Thomas Vinterberg,"Mads Mikkelsen, Thomas Bo Larsen, Magnus Millang, Lars Ranthe","Comedy, Drama",Denmark,,12742437.0,"Denmark, Sweden, Netherlands",2020-12
213,A Quiet Place Part II,7.2,2020,May,PG-13,97,John Krasinski,"Emily Blunt, Millicent Simmonds, Cillian Murphy, John Krasinski","Drama, Horror, Sci-Fi",USA,,297372261.0,United States,2020-5
214,Hamilton,8.4,2020,July,PG-13,160,Thomas Kail,"Lin Manuel Miranda, Phillipa Soo, Leslie Odom Jr , Ren e Elise Goldsberry","Biography, Drama, History",USA,,,United States,2020-7
215,Jingle Jangle: A Christmas Journey,6.4,2020,November,PG,122,David E Talbert,"Forest Whitaker, Keegan Michael Key, Hugh Bonneville, Anika Noni Rose","Family, Fantasy, Musical",UK,,,United States,2020-11
216,The Father,8.2,2020,February,PG-13,97,Florian Zeller,"Anthony Hopkins, Olivia Colman, Mark Gatiss, Olivia Williams","Drama, Mystery",UK,6000000.0,24598259.0,"United Kingdom, France, United States",2020-2
217,Let Him Go,6.7,2020,November,R,113,Thomas Bezucha,"Diane Lane, Kevin Costner, Kayli Carter, Ryan Bruce","Crime, Drama, Thriller",Canada,,10835686.0,United States,2020-11
218,The Binge,5.3,2020,August,TV-MA,98,Jeremy Garelick,"Vince Vaughn, Skyler Gisondo, Dexter Darden, Eduardo Franco",Comedy,USA,,,United States,2020-8
219,The Croods: A New Age,6.9,2020,November,PG,95,Joel Crawford,"Nicolas Cage, Emma Stone, Ryan Reynolds, Catherine Keener","Animation, Adventure, Comedy",Unknown,65000000.0,215905815.0,United States,2020-11
220,Inheritance,5.5,2020,May,TV-MA,111,Vaughn Stein,"Lily Collins, Simon Pegg, Connie Nielsen, Chace Crawford","Drama, Mystery, Thriller",USA,,304931.0,United States,2020-5
221,Ava,5.4,2020,September,R,96,Tate Taylor,"Jessica Chastain, John Malkovich, Common, Geena Davis","Action, Drama, Thriller",USA,,3293783.0,United States,2020-9
222,The Devil All the Time,7.1,2020,September,R,138,Antonio Campos,"Bill Skarsg rd, Tom Holland, Banks Repeta, Emilio Subercaseaux Campos","Crime, Drama, Thriller",USA,,,United States,2020-9
223,The Forgotten Battle,7.1,2020,October,TV-MA,124,Matthijs van Heijningen Jr,"Gijs Blom, Jamie Flatters, Susan Radder, Jan Bijvoet","Drama, War",Netherlands,,6000546.0,"Netherlands, Belgium",2020-10
224,After We Collided,5.0,2020,October,R,105,Roger Kumble,"Josephine Langford, Hero Fiennes Tiffin, Dylan Sprouse, Louise Lombard","Drama, Romance",USA,,47990414.0,United States,2020-10
225,I'm Thinking of Ending Things,6.6,2020,September,R,134,Charlie Kaufman,"Jesse Plemons, Jessie Buckley, Toni Collette, David Thewlis","Drama, Thriller",USA,,,United States,2020-9
226,The Night House,6.5,2020,August,R,107,David Bruckner,"Rebecca Hall, Sarah Goldberg, Vondie Curtis Hall, Evan Jonigkeit","Horror, Mystery, Thriller",USA,,15437703.0,"United Kingdom, United States",2020-8
227,The Old Guard,6.6,2020,July,R,125,Gina Prince Bythewood,"Charlize Theron, KiKi Layne, Matthias Schoenaerts, Marwan Kenzari","Action, Thriller",Morocco,70000000.0,,United States,2020-7
228,The Hunt,6.5,2020,March,R,90,Craig Zobel,"Betty Gilpin, Hilary Swank, Ike Barinholtz, Wayne Duvall","Action, Horror, Thriller",USA,14000000.0,10550350.0,"United States, Japan, China",2020-3
229,Sonic the Hedgehog,6.5,2020,February,PG,99,Jeff Fowler,"Ben Schwartz, James Marsden, Jim Carrey, Tika Sumpter","Action, Adventure, Comedy",Canada,85000000.0,319715683.0,"United States, Japan, Canada",2020-2
230,Green Sea,6.5,2020,November,,94,Angeliki Antoniou,"Angeliki Papoulia, Giannis Tsortekis, Tasos Palatzidis, Anastasia Dendia",Drama,Unknown,,,"Greece, Germany",2020-11
231,A California Christmas,5.8,2020,December,PG-13,106,Shaun Paul Piccinino,"Lauren Swickard, Josh Swickard, Ali Afshar, David Del Rio","Comedy, Drama, Romance",USA,,,United States,2020-12
232,Underwater,5.8,2020,January,PG-13,95,William Eubank,"Kristen Stewart, Vincent Cassel, Mamoudou Athie, T J Miller","Action, Horror, Sci-Fi",USA,80000000.0,40882928.0,United States,2020-1
233,Soul,8.0,2020,December,PG,100,"Pete Docter, Kemp Powers","Jamie Foxx, Tina Fey, Graham Norton, Rachel House","Animation, Adventure, Comedy",USA,,121031304.0,United States,2020-12
234,Megan,4.2,2020,March,,89,Silvio Nacucchi,"Sadie Katz, Randy Wayne, Greg Travis, Lily Anthonissen",Thriller,Unknown,,,Italy,2020-3
235,Extraction,6.7,2020,April,R,116,Sam Hargrave,"Chris Hemsworth, Bryon Lerum, Ryder Lerum, Rudhraksh Jaiswal","Action, Thriller",Bangladesh,65000000.0,,United States,2020-4
236,Run,6.7,2020,November,PG-13,90,Aneesh Chaganty,"Sarah Paulson, Kiera Allen, Sara Sohn, Pat Healy","Mystery, Thriller",Canada,,5184368.0,"United States, Canada",2020-11
237,Black Bear,6.5,2020,December,R,104,Lawrence Michael Levine,"Aubrey Plaza, Christopher Abbott, Sarah Gadon, Paola L zaro","Comedy, Drama",USA,,,United States,2020-12
238,Birds of Prey,6.0,2020,February,R,109,Cathy Yan,"Margot Robbie, Rosie Perez, Mary Elizabeth Winstead, Jurnee Smollett","Action, Adventure, Comedy",USA,84500000.0,205322941.0,United States,2020-2
239,Boss Level,6.8,2020,March,TV-MA,100,Joe Carnahan,"Frank Grillo, Mel Gibson, Naomi Watts, Michelle Yeoh","Action, Adventure, Comedy",USA,45000000.0,1753823.0,United States,2020-3
240,The Woman in the Window,5.7,2020,May,R,100,Joe Wright,"Amy Adams, Gary Oldman, Anthony Mackie, Fred Hechinger","Crime, Drama, Mystery",USA,40000000.0,,United States,2020-5
241,Mulan,5.7,2020,September,PG-13,115,Niki Caro,"Liu Yifei, Donnie Yen, Gong Li, Jet Li","Action, Adventure, Drama",New Zealand,200000000.0,69965374.0,"China, United States",2020-9
242,The New Mutants,5.3,2020,August,PG-13,94,Josh Boone,"Maisie Williams, Anya Taylor Joy, Charlie Heaton, Alice Braga","Action, Horror, Mystery",USA,67000000.0,49169594.0,United States,2020-8
243,Freaky,6.3,2020,November,R,102,Christopher Landon,"Vince Vaughn, Kathryn Newton, Celeste O Connor, Misha Osherovich","Comedy, Horror, Thriller",USA,5000000.0,18073433.0,United States,2020-11
244,Greyhound,7.0,2020,July,PG-13,91,Aaron Schneider,"Tom Hanks, Elisabeth Shue, Stephen Graham, Matt Helm","Action, Drama, History",USA,50300000.0,,"United States, Canada, China",2020-7
245,The Invisible Man,7.1,2020,February,R,124,Leigh Whannell,"Elisabeth Moss, Oliver Jackson Cohen, Harriet Dyer, Aldis Hodge","Drama, Horror, Mystery",Australia,7000000.0,144492724.0,"Australia, United States",2020-2
246,Palm Springs,7.4,2020,July,R,90,Max Barbakow,"Andy Samberg, Cristin Milioti, J K Simmons, Peter Gallagher","Comedy, Fantasy, Mystery",USA,,1512871.0,"United States, Hong Kong",2020-7
247,Nomadland,7.3,2020,February,R,107,Chlo Zhao,"Frances McDormand, David Strathairn, Linda May, Gay DeForest",Drama,USA,5000000.0,39458207.0,United States,2020-2
248,The King of Staten Island,7.1,2020,June,R,136,Judd Apatow,"Pete Davidson, Bel Powley, Ricky Velez, Lou Wilson","Comedy, Drama",Unknown,35000000.0,2180452.0,"United States, China",2020-6
249,The Courier,7.2,2020,March,PG-13,112,Dominic Cooke,"Benedict Cumberbatch, Merab Ninidze, Rachel Brosnahan, Vladimir Chuprikov","Drama, History, Thriller",Czech Republic,,26001227.0,"United Kingdom, United States",2020-3
250,Love and Monsters,6.9,2020,October,PG-13,109,Michael Matthews,"Dylan O Brien, Jessica Henwick, Michael Rooker, Dan Ewing","Action, Adventure, Comedy",Australia,,1122066.0,"Canada, United States, Australia",2020-10
251,Pieces of a Woman,7.0,2020,January,R,126,Korn l Mundrucz,"Vanessa Kirby, Shia LaBeouf, Ellen Burstyn, Iliza Shlesinger",Drama,Canada,,,"Canada, Hungary, United States",2020-1
252,You Should Have Left,5.4,2020,June,R,93,David Koepp,"Kevin Bacon, Amanda Seyfried, Avery Tiiu Essex, Colin Blumenau","Horror, Thriller",UK,,,"United States, United Kingdom",2020-6
253,Possessor,6.5,2020,October,R,103,Brandon Cronenberg,"Andrea Riseborough, Christopher Abbott, Jennifer Jason Leigh, Rossif Sutherland","Horror, Mystery, Sci-Fi",Canada,,911180.0,"Canada, United Kingdom",2020-10
254,2 Hearts,6.3,2020,October,PG-13,101,Lance Hool,"Jacob Elordi, Adan Canto, Tiera Skovbye, Radha Mitchell","Drama, Romance",Canada,15000000.0,1349286.0,United States,2020-10
255,Bloodshot,5.7,2020,March,PG-13,109,Dave Wilson,"Vin Diesel, Eiza Gonz lez, Sam Heughan, Toby Kebbell","Action, Adventure, Sci-Fi",Canada,45000000.0,39861118.0,United States,2020-3
256,Unpregnant,6.5,2020,September,PG-13,103,Rachel Lee Goldenberg,"Haley Lu Richardson, Barbie Ferreira, Giancarlo Esposito, Alex MacNicoll","Comedy, Drama",USA,,,United States,2020-9
257,The Witches,5.3,2020,October,PG,106,Robert Zemeckis,"Anne Hathaway, Octavia Spencer, Stanley Tucci, Chris Rock","Adventure, Comedy, Family",UK,,29333671.0,"United States, Mexico",2020-10
258,Greenland,6.4,2020,December,PG-13,119,Ric Roman Waugh,"Gerard Butler, Morena Baccarin, Roger Dale Floyd, Scott Glenn","Action, Thriller",Iceland,34000000.0,52300000.0,"United States, United Kingdom",2020-12
259,Eurovision Song Contest: The Story of Fire Saga,6.5,2020,June,PG-13,123,David Dobkin,"Will Ferrell, Rachel McAdams, Dan Stevens, Mikael Persbrandt","Comedy, Musical",Iceland,,,"United States, Iceland, Canada",2020-6
260,Operation Christmas Drop,5.8,2020,November,TV-G,95,Martin Wood,"Kat Graham, Alexander Ludwig, Trezzo Mahoro, Bethany Brown","Comedy, Family, Romance",Guam,,,United States,2020-11
261,Mank,6.8,2020,December,R,131,David Fincher,"Gary Oldman, Amanda Seyfried, Lily Collins, Tom Pelphrey","Biography, Comedy, Drama",USA,,,United States,2020-12
262,What We Found,5.4,2020,July,Not Rated,110,Ben Hickernell,"Elizabeth Mitchell, Oona Laurence, Brandon Larracuente, Giorgia Whigham",Thriller,USA,,6976.0,United States,2020-7
263,Monster Hunter,5.2,2020,December,PG-13,103,Paul W S Anderson,"Milla Jovovich, Tony Jaa, Ron Perlman, T I ","Action, Adventure, Fantasy",South Africa,60000000.0,42145959.0,"Germany, United States, Japan, China, South Africa, Canada",2020-12
264,Run Sweetheart Run,5.4,2020,October,R,104,Shana Feste,"Ella Balinska, Pilou Asb k, Clark Gregg, Shohreh Aghdashloo","Horror, Thriller",USA,30000000.0,,United States,2020-10
265,Fantasy Island,4.9,2020,February,PG-13,109,Jeff Wadlow,"Michael Pe a, Maggie Q, Lucy Hale, Austin Stowell","Fantasy, Horror, Mystery",Fiji,7000000.0,49447308.0,United States,2020-2
266,The Call of the Wild,6.7,2020,February,PG,100,Chris Sanders,"Harrison Ford, Omar Sy, Cara Gee, Dan Stevens","Adventure, Drama, Family",Canada,135000000.0,111202881.0,United States,2020-2
267,Unhinged,6.0,2020,August,R,90,Derrick Borte,"Russell Crowe, Caren Pistorius, Gabriel Bateman, Jimmi Simpson","Action, Thriller",USA,33000000.0,44331465.0,"United Kingdom, United States",2020-8
268,The Princess Switch: Switched Again,5.4,2020,November,TV-G,96,Mike Rohl,"John Jack, Vanessa Hudgens, Sam Palladio, Mark Fleischmann","Comedy, Drama, Family",UK,10000000.0,,United States,2020-11
269,The Trial of the Chicago 7,7.7,2020,October,R,129,Aaron Sorkin,"Eddie Redmayne, Alex Sharp, Sacha Baron Cohen, Jeremy Strong","Drama, History, Thriller",USA,35000000.0,,"United States, United Kingdom, India",2020-10
270,The Rental,5.7,2020,July,R,88,Dave Franco,"Dan Stevens, Alison Brie, Sheila Vand, Jeremy Allen White","Drama, Horror, Mystery",USA,3500000.0,4311042.0,United States,2020-7
271,Honest Thief,6.0,2020,October,PG-13,99,Mark Williams,"Liam Neeson, Kate Walsh, Jai Courtney, Jeffrey Donovan","Action, Thriller",USA,,31220247.0,United States,2020-10
272,Bill & Ted Face the Music,5.9,2020,August,PG-13,91,Dean Parisot,"Keanu Reeves, Alex Winter, Kristen Schaal, Samara Weaving","Adventure, Comedy, Music",USA,,6274027.0,United States,2020-8
273,Fatale,5.4,2020,December,R,102,Deon Taylor,"Hilary Swank, Michael Ealy, Mike Colter, Damaris Lewis",Thriller,USA,,7031289.0,United States,2020-12
274,The Midnight Sky,5.6,2020,December,PG-13,118,George Clooney,"George Clooney, Felicity Jones, David Oyelowo, Caoilinn Springall","Adventure, Drama, Sci-Fi",Spain,,70018.0,United States,2020-12
275,Spenser Confidential,6.2,2020,March,R,111,Peter Berg,"Mark Wahlberg, Winston Duke, Alan Arkin, Iliza Shlesinger","Action, Comedy, Drama",USA,,,United States,2020-3
276,Bad Boys for Life,6.5,2020,January,R,124,"Adil El Arbi, Bilall Fallah","Will Smith, Martin Lawrence, Vanessa Hudgens, Alexander Ludwig","Action, Comedy, Crime",Mexico,90000000.0,426505244.0,United States,2020-1
277,Riders of Justice,7.5,2020,May,Not Rated,116,Anders Thomas Jensen,"Mads Mikkelsen, Nikolaj Lie Kaas, Andrea Heick Gadeberg, Lars Brygmann","Action, Comedy, Drama",Denmark,5300000.0,2000541.0,"Denmark, Sweden, Finland",2020-5
278,The Wolf of Snow Hollow,6.2,2020,October,R,85,Jim Cummings,"Jim Cummings, Riki Lindhome, Robert Forster, Chloe East","Comedy, Horror, Mystery",USA,2000000.0,266963.0,United States,2020-10
279,I Care a Lot,6.3,2020,February,R,118,J Blakeson,"Rosamund Pike, Peter Dinklage, Eiza Gonz lez, Dianne Wiest","Comedy, Crime, Drama",USA,14000000.0,1351662.0,"United States, United Kingdom",2020-2
280,Spontaneous,6.5,2020,October,R,101,Brian Duffield,"Katherine Langford, Charlie Plummer, Yvonne Orji, Hayley Law","Comedy, Drama, Horror",Canada,,,United States,2020-10
281,Ammonite,6.5,2020,November,R,120,Francis Lee,"Kate Winslet, Saoirse Ronan, Gemma Jones, James McArdle","Biography, Drama, History",UK,,1109287.0,"United Kingdom, Australia, United States",2020-11
282,Friendsgiving,4.4,2020,October,R,95,Nicol Paone,"Malin Akerman, Kat Dennings, Jack Donnelly, Aisha Tyler","Comedy, Drama",USA,,122039.0,United States,2020-10
283,Run Hide Fight,6.3,2020,January,TV-MA,109,Kyle Rankin,"Isabel May, Radha Mitchell, Thomas Jane, Eli Brown","Crime, Drama, Thriller",USA,,34561.0,United States,2020-1
284,The Claus Family,5.5,2020,November,TV-PG,96,Matthias Temmermans,"Jan Decleir, Mo Bakker, Bracha van Doesburgh, Ren e Soutendijk","Comedy, Family, Fantasy",Belgium,,,Belgium,2020-11
285,Horizon Line,4.8,2020,January,PG-13,92,Mikael Marcimain,"Allison Williams, Alexander Dreymon, Keith David, Pearl Mackie","Action, Adventure, Drama",UK,,916042.0,"Sweden, United States",2020-1
286,Demon Slayer the Movie: Mugen Train,8.2,2020,April,R,117,Haruo Sotozaki,"Natsuki Hanae, Akari Kit , Yoshitsugu Matsuoka, Hiro Shimono","Animation, Action, Adventure",Japan,,453210959.0,Japan,2020-4
287,The Dry,6.8,2020,May,R,117,Robert Connolly,"Eric Bana, Genevieve O Reilly, Keir O Donnell, John Polson","Crime, Drama, Mystery",Australia,,17424378.0,"Australia, United States, United Kingdom",2020-5
288,The Oak Room,5.6,2020,April,,90,Cody Calahan,"RJ Mitte, Peter Outerbridge, Ari Millen, Nicholas Campbell","Mystery, Thriller",Canada,,,Canada,2020-4
289,The Call,7.1,2020,November,TV-MA,112,Chung Hyun Lee,"Park Shin Hye, Jeon Jong seo, Kim Sung ryung, Lee El","Crime, Horror, Mystery",South Korea,,,South Korea,2020-11
290,Rebecca,6.0,2020,October,PG-13,123,Ben Wheatley,"Lily James, Armie Hammer, Kristin Scott Thomas, Keeley Hawes","Drama, Mystery, Romance",UK,,,"United Kingdom, United States",2020-10
291,The Nest,6.3,2020,September,R,107,Sean Durkin,"Jude Law, Carrie Coon, Oona Roche, Charlie Shotwell","Drama, Romance",Canada,,2122682.0,"United Kingdom, Canada",2020-9
292,The Empty Man,6.2,2020,October,R,137,David Prior,"James Badge Dale, Marin Ireland, Sasha Frolova, Samantha Logan","Horror, Mystery, Thriller",USA,,4796993.0,"United States, South Africa, France",2020-10
293,Zola,6.5,2020,June,R,86,Janicza Bravo,"Taylour Paige, Riley Keough, Nicholas Braun, Ari el Stachel","Comedy, Crime, Drama",USA,,4998097.0,United States,2020-6
294,Onward,7.4,2020,March,PG,102,Dan Scanlon,"Tom Holland, Chris Pratt, Julia Louis Dreyfus, Octavia Spencer","Animation, Adventure, Comedy",USA,175000000.0,141940042.0,United States,2020-3
295,Shadow in the Cloud,5.0,2020,January,R,83,Roseanne Liang,"Chlo Grace Moretz, Nick Robinson, Beulah Koale, Taylor John Smith","Action, Horror, War",New Zealand,,1054290.0,"New Zealand, United States",2020-1
296,Shiva Baby,7.1,2020,April,Not Rated,77,Emma Seligman,"Rachel Sennott, Danny Deferrari, Fred Melamed, Polly Draper","Comedy, Drama",USA,,314106.0,United States,2020-4
297,Borat Subsequent Moviefilm,6.6,2020,October,R,95,Jason Woliner,"Sacha Baron Cohen, Maria Bakalova, Tom Hanks, Dani Popescu",Comedy,Romania,,,"United States, United Kingdom",2020-10
298,Minari,7.4,2020,February,PG-13,115,Lee Isaac Chung,"Steven Yeun, Yeri Han, Alan Kim, Noel Cho",Drama,USA,2000000.0,15312445.0,United States,2020-2
299,Lost Bullet,6.3,2020,June,TV-MA,92,Guillaume Pierret,"Alban Lenoir, Nicolas Duvauchelle, Ramzy Bedia, St fi Celma","Action, Crime, Thriller",France,,,France,2020-6
300,Knives Out,7.9,2019,November,PG-13,130,Rian Johnson,"Daniel Craig, Chris Evans, Ana de Armas, Jamie Lee Curtis","Comedy, Crime, Drama",USA,40000000.0,312897920.0,United States,2019-11
301,Klaus,8.1,2019,November,PG,96,"Sergio Pablos, Carlos Mart nez L pez","Jason Schwartzman, J K Simmons, Rashida Jones, Will Sasso","Animation, Adventure, Comedy",Unknown,40000000.0,,"Spain, United Kingdom, United States",2019-11
302,Last Christmas,6.5,2019,November,PG-13,103,Paul Feig,"Madison Ingoldsby, Emma Thompson, Boris Isakovic, Lucy Miller","Comedy, Drama, Fantasy",United Kingdom,25000000.0,123446172.0,"United Kingdom, United States, China",2019-11
303,Once Upon a Time in Hollywood,7.6,2019,July,R,161,Quentin Tarantino,"Leonardo DiCaprio, Brad Pitt, Margot Robbie, Emile Hirsch","Comedy, Drama",USA,90000000.0,377617598.0,"United States, United Kingdom, China",2019-7
304,Midsommar,7.1,2019,July,R,148,Ari Aster,"Florence Pugh, Jack Reynor, Vilhelm Blomgren, William Jackson Harper","Drama, Horror, Mystery",Hungary,9000000.0,47969371.0,"United States, Sweden",2019-7
305,Avengers: Endgame,8.4,2019,April,PG-13,181,"Anthony Russo, Joe Russo","Robert Downey Jr , Chris Evans, Mark Ruffalo, Chris Hemsworth","Action, Adventure, Drama",UK,356000000.0,2797501328.0,United States,2019-4
306,Joker,8.4,2019,October,R,122,Todd Phillips,"Joaquin Phoenix, Robert De Niro, Zazie Beetz, Frances Conroy","Crime, Drama, Thriller",USA,55000000.0,1074458282.0,"United States, Canada",2019-10
307,The Gentlemen,7.8,2019,January,R,113,Guy Ritchie,"Matthew McConaughey, Charlie Hunnam, Michelle Dockery, Jeremy Strong","Action, Comedy, Crime",UK,22000000.0,115171795.0,"United Kingdom, United States",2019-1
308,Parasite,8.5,2019,November,R,132,Bong Joon Ho,"Song Kang ho, Lee Sun kyun, Cho Yeo jeong, Choi Woo sik","Drama, Thriller",South Korea,11400000.0,262676096.0,South Korea,2019-11
309,The Addams Family,5.8,2019,October,PG,86,"Greg Tiernan, Conrad Vernon","Oscar Isaac, Charlize Theron, Chlo Grace Moretz, Finn Wolfhard","Animation, Comedy, Family",USA,24000000.0,204394183.0,"Canada, United States",2019-10
310,Little Women,7.8,2019,December,PG,135,Greta Gerwig,"Saoirse Ronan, Emma Watson, Florence Pugh, Eliza Scanlen","Drama, Romance",USA,40000000.0,218843645.0,United States,2019-12
311,Noelle,6.3,2019,November,G,100,Marc Lawrence,"Anna Kendrick, Shirley MacLaine, Bill Hader, Kingsley Ben Adir","Adventure, Comedy, Family",USA,,,United States,2019-11
312,Burn,5.7,2019,August,R,88,Mike Gan,"Tilda Cobham Hervey, Josh Hutcherson, Suki Waterhouse, Harry Shum Jr ","Comedy, Crime, Thriller",USA,,25373.0,United States,2019-8
313,Alita: Battle Angel,7.3,2019,February,PG-13,122,Robert Rodriguez,"Rosa Salazar, Christoph Waltz, Jennifer Connelly, Mahershala Ali","Action, Adventure, Sci-Fi",USA,170000000.0,404980543.0,"Japan, Canada, United States",2019-2
314,1917,8.2,2019,January,R,119,Sam Mendes,"Dean Charles Chapman, George MacKay, Daniel Mays, Colin Firth","Action, Drama, War",UK,95000000.0,384576334.0,"United Kingdom, United States, India, Spain",2019-1
315,The Irishman,7.8,2019,November,R,209,Martin Scorsese,"Robert De Niro, Al Pacino, Joe Pesci, Harvey Keitel","Biography, Crime, Drama",USA,159000000.0,968853.0,United States,2019-11
316,Star Wars: The Rise Of Skywalker,6.5,2019,December,PG-13,141,J J Abrams,"Daisy Ridley, John Boyega, Oscar Isaac, Adam Driver","Action, Adventure, Fantasy",Jordan,275000000.0,1074149279.0,United States,2019-12
317,After,5.3,2019,April,PG-13,105,Jenny Gage,"Josephine Langford, Hero Fiennes Tiffin, Khadijha Red Thunder, Dylan Arnold","Drama, Romance",USA,14000000.0,69497587.0,United States,2019-4
318,Terminator: Dark Fate,6.2,2019,November,R,128,Tim Miller,"Linda Hamilton, Arnold Schwarzenegger, Mackenzie Davis, Natalia Reyes","Action, Adventure, Sci-Fi",Spain,185000000.0,261119292.0,"United States, Spain, Hungary",2019-11
319,Ford v Ferrari,8.1,2019,November,PG-13,152,James Mangold,"Matt Damon, Christian Bale, Jon Bernthal, Caitr ona Balfe","Action, Biography, Drama",USA,97600000.0,225508210.0,United States,2019-11
320,Shazam!,7.0,2019,April,PG-13,132,David F Sandberg,"Zachary Levi, Mark Strong, Asher Angel, Jack Dylan Grazer","Action, Adventure, Comedy",Canada,100000000.0,366080049.0,"United States, Canada",2019-4
321,Five Feet Apart,7.2,2019,March,PG-13,116,Justin Baldoni,"Haley Lu Richardson, Cole Sprouse, Moises Arias, Kimberly Hebert Gregory","Drama, Romance",USA,7000000.0,92559910.0,United States,2019-3
322,Uncut Gems,7.4,2019,December,R,135,"Benny Safdie, Josh Safdie","Adam Sandler, Julia Fox, Idina Menzel, Mesfin Lamengo","Crime, Drama, Thriller",South Africa,19000000.0,50023780.0,United States,2019-12
323,Pinocchio,6.2,2019,December,PG-13,125,Matteo Garrone,"Federico Ielapi, Roberto Benigni, Rocco Papaleo, Massimo Ceccherini","Drama, Family, Fantasy",Italy,,23841090.0,"Italy, France, United Kingdom",2019-12
324,Polar,6.3,2019,January,TV-MA,118,Jonas kerlund,"Mads Mikkelsen, Vanessa Hudgens, Katheryn Winnick, Fei Ren","Action, Thriller",Canada,,,"United States, Germany",2019-1
325,Jojo Rabbit,7.9,2019,November,PG-13,108,Taika Waititi,"Roman Griffin Davis, Thomasin McKenzie, Scarlett Johansson, Taika Waititi","Comedy, Drama, War",Czech Republic,14000000.0,90335025.0,"New Zealand, United States, Czech Republic",2019-11
326,Let It Snow,5.8,2019,November,PG-13,92,Luke Snellin,"Isabela Merced, Shameik Moore, Odeya Rush, Liv Hewson","Comedy, Romance",Canada,,,United States,2019-11
327,The Lighthouse,7.4,2019,November,R,109,Robert Eggers,"Robert Pattinson, Willem Dafoe, Valeriia Karaman, Logan Hawkes","Drama, Fantasy, Horror",Canada,11000000.0,18129854.0,"United States, Brazil, Canada",2019-11
328,The King,7.3,2019,November,R,140,David Mich d,"Tom Glynn Carney, G bor Czap, Tom Fisher, Edward Ashley","Biography, Drama, History",Hungary,,126931.0,"United Kingdom, Hungary, United States, Australia",2019-11
329,Us,6.8,2019,March,R,116,Jordan Peele,"Lupita Nyong o, Winston Duke, Elisabeth Moss, Tim Heidecker","Horror, Mystery, Thriller",USA,20000000.0,256067149.0,"United States, China, Japan",2019-3
330,John Wick: Chapter 3 - Parabellum,7.4,2019,May,R,130,Chad Stahelski,"Keanu Reeves, Halle Berry, Ian McShane, Laurence Fishburne","Action, Crime, Thriller",Morocco,75000000.0,328349387.0,United States,2019-5
331,Cats,2.8,2019,December,PG,110,Tom Hooper,"James Corden, Judi Dench, Jason Derulo, Idris Elba","Comedy, Drama, Family",UK,95000000.0,75558925.0,"United Kingdom, United States, Canada, Australia, Japan, China",2019-12
332,Doctor Sleep,7.3,2019,November,R,152,Mike Flanagan,"Ewan McGregor, Rebecca Ferguson, Kyliegh Curran, Cliff Curtis","Drama, Fantasy, Horror",USA,45000000.0,72381712.0,United States,2019-11
333,The Platform,7.0,2019,March,TV-MA,94,Galder Gaztelu Urrutia,"Ivan Massagu , Zorion Eguileor, Antonia San Juan, Emilio Buale","Horror, Sci-Fi, Thriller",Unknown,,1090116.0,Spain,2019-3
334,Hustlers,6.3,2019,September,R,110,Lorene Scafaria,"Constance Wu, Jennifer Lopez, Julia Stiles, Mette Narrative","Comedy, Crime, Drama",USA,20000000.0,157563598.0,United States,2019-9
335,Frozen II,6.8,2019,November,PG,103,"Chris Buck, Jennifer Lee","Kristen Bell, Idina Menzel, Josh Gad, Jonathan Groff","Animation, Adventure, Comedy",USA,150000000.0,1450026933.0,United States,2019-11
336,Ad Astra,6.5,2019,September,PG-13,123,James Gray,"Brad Pitt, Tommy Lee Jones, Ruth Negga, Donald Sutherland","Adventure, Drama, Mystery",USA,90000000.0,127461872.0,"United States, China, Brazil",2019-9
337,Aladdin,6.9,2019,May,PG,128,Guy Ritchie,"Will Smith, Mena Massoud, Naomi Scott, Marwan Kenzari","Adventure, Comedy, Family",Jordan,183000000.0,1050693953.0,"United States, United Kingdom",2019-5
338,Ready or Not,6.8,2019,August,R,95,"Matt Bettinelli Olpin, Tyler Gillett","Samara Weaving, Adam Brody, Mark O Brien, Henry Czerny","Action, Comedy, Horror",Canada,6000000.0,57615777.0,United States,2019-8
339,Captain Marvel,6.8,2019,March,PG-13,123,"Anna Boden, Ryan Fleck","Brie Larson, Samuel L Jackson, Ben Mendelsohn, Jude Law","Action, Adventure, Sci-Fi",USA,160000000.0,1128462972.0,"United States, Australia",2019-3
340,Glass,6.6,2019,January,PG-13,129,M Night Shyamalan,"James McAvoy, Bruce Willis, Samuel L Jackson, Anya Taylor Joy","Drama, Horror, Sci-Fi",USA,20000000.0,246999039.0,"United States, China",2019-1
341,Spider-Man: Far from Home,7.4,2019,July,PG-13,129,Jon Watts,"Tom Holland, Samuel L Jackson, Jake Gyllenhaal, Marisa Tomei","Action, Adventure, Sci-Fi",Czech Republic,160000000.0,1131927996.0,United States,2019-7
342,6 Underground,6.1,2019,December,R,128,Michael Bay,"Ryan Reynolds, M lanie Laurent, Manuel Garcia Rulfo, Ben Hardy","Action, Thriller",Hungary,150000000.0,,United States,2019-12
343,A Beautiful Day in the Neighborhood,7.2,2019,November,PG,109,Marielle Heller,"Matthew Rhys, Tom Hanks, Chris Cooper, Susan Kelechi Watson","Biography, Drama",USA,25000000.0,67925733.0,"China, United States",2019-11
344,The Lion King,6.8,2019,July,PG,118,Jon Favreau,"Donald Glover, Beyonc , Seth Rogen, Chiwetel Ejiofor","Animation, Adventure, Drama",South Africa,260000000.0,1663250487.0,"United States, United Kingdom",2019-7
345,Jumanji: The Next Level,6.7,2019,December,PG-13,123,Jake Kasdan,"Dwayne Johnson, Jack Black, Kevin Hart, Karen Gillan","Action, Adventure, Comedy",Canada,125000000.0,801693929.0,United States,2019-12
346,Marriage Story,7.9,2019,December,R,137,Noah Baumbach,"Adam Driver, Scarlett Johansson, Julia Greer, Azhy Robertson","Drama, Romance",USA,18600000.0,333686.0,"United Kingdom, United States",2019-12
347,Portrait of a Lady on Fire,8.1,2019,February,R,122,C line Sciamma,"No mie Merlant, Ad le Haenel, Lu na Bajrami, Valeria Golino","Drama, Romance",France,,10067884.0,France,2019-2
348,Black Christmas,3.5,2019,December,PG-13,92,Sophia Takal,"Imogen Poots, Aleyse Shannon, Lily Donoghue, Brittany O Grady","Horror, Mystery, Thriller",New Zealand,5000000.0,18529730.0,"United States, New Zealand, Canada",2019-12
349,El Camino: A Breaking Bad Movie,7.3,2019,October,TV-MA,122,Vince Gilligan,"Aaron Paul, Jonathan Banks, Matt Jones, Charles Baker","Action, Crime, Drama",USA,6000000.0,,United States,2019-10
350,It Chapter Two,6.5,2019,September,R,169,Andy Muschietti,"Jessica Chastain, James McAvoy, Bill Hader, Isaiah Mustafa","Drama, Fantasy, Horror",Canada,79000000.0,473122525.0,"United States, Canada",2019-9
351,Bombshell,6.8,2019,December,R,109,Jay Roach,"Charlize Theron, Nicole Kidman, Margot Robbie, John Lithgow","Biography, Drama",USA,32000000.0,61404394.0,"Canada, United States",2019-12
352,Escape Room,6.4,2019,January,PG-13,99,Adam Robitel,"Taylor Russell, Logan Miller, Jay Ellis, Tyler Labine","Action, Adventure, Horror",USA,9000000.0,155712077.0,"United States, South Africa",2019-1
353,Anna,6.6,2019,June,R,118,Luc Besson,"Sasha Luss, Helen Mirren, Luke Evans, Cillian Murphy","Action, Thriller",Serbia,,31626978.0,"France, United States, Canada, Russia",2019-6
354,Fast & Furious Presents: Hobbs & Shaw,6.5,2019,August,PG-13,137,David Leitch,"Dwayne Johnson, Jason Statham, Idris Elba, Vanessa Kirby","Action, Adventure, Thriller",USA,200000000.0,760732926.0,"United States, Japan",2019-8
355,Downton Abbey,7.4,2019,September,PG,122,Michael Engler,"Stephen Campbell Moore, Michael Fox, Lesley Nicol, Sophie McShera","Drama, Romance",UK,13000000.0,194694725.0,"United Kingdom, United States, China",2019-9
356,Queen of Hearts,7.1,2019,November,Not Rated,127,May el Toukhy,"Trine Dyrholm, Gustav Lindh, Magnus Krepper, Liv Esm r Dannemann",Drama,Denmark,,437005.0,"Denmark, Sweden",2019-11
357,Hellboy,5.2,2019,April,R,120,Neil Marshall,"David Harbour, Milla Jovovich, Ian McShane, Sasha Lane","Action, Adventure, Fantasy",Bulgaria,50000000.0,55065289.0,"United States, United Kingdom, Bulgaria, Canada, Portugal, France",2019-4
358,The Knight Before Christmas,5.6,2019,November,TV-PG,92,Monika Mitchell,"Vanessa Hudgens, Josh Whitehouse, Emmanuelle Chriqui, Ella Kenion","Adventure, Comedy, Drama",Canada,,,United States,2019-11
359,Brightburn,6.1,2019,May,R,90,David Yarovesky,"Elizabeth Banks, David Denman, Jackson A Dunn, Abraham Clinkscales","Drama, Horror, Mystery",USA,6000000.0,33224654.0,United States,2019-5
360,Toy Story 4,7.7,2019,June,G,100,Josh Cooley,"Tom Hanks, Tim Allen, Annie Potts, Tony Hale","Animation, Adventure, Comedy",USA,200000000.0,1073394593.0,United States,2019-6
361,Booksmart,7.1,2019,May,R,102,Olivia Wilde,"Kaitlyn Dever, Beanie Feldstein, Jessica Williams, Jason Sudeikis",Comedy,USA,6000000.0,24959607.0,United States,2019-5
362,Yesterday,6.8,2019,June,PG-13,116,Danny Boyle,"Himesh Patel, Lily James, Sophia Di Martino, Ellise Chappell","Comedy, Fantasy, Music",UK,26000000.0,154608668.0,"United Kingdom, China, Japan, United States",2019-6
363,Charlie's Angels,4.9,2019,November,PG-13,118,Elizabeth Banks,"Kristen Stewart, Naomi Scott, Ella Balinska, Elizabeth Banks","Action, Adventure, Comedy",Turkey,48000000.0,73279888.0,"United States, China, Germany",2019-11
364,The Dead Don't Die,5.4,2019,June,R,104,Jim Jarmusch,"Bill Murray, Adam Driver, Tom Waits, Chlo Sevigny","Comedy, Fantasy, Horror",USA,,15325468.0,United States,2019-6
365,Triple Frontier,6.4,2019,March,R,125,J C Chandor,"Ben Affleck, Oscar Isaac, Charlie Hunnam, Garrett Hedlund","Action, Thriller",Colombia,115000000.0,,United States,2019-3
366,Midway,6.7,2019,November,PG-13,138,Roland Emmerich,"Ed Skrein, Patrick Wilson, Woody Harrelson, Luke Evans","Action, Drama, History",Canada,100000000.0,127420861.0,"United States, Canada",2019-11
367,X-Men: Dark Phoenix,5.7,2019,June,PG-13,113,Simon Kinberg,"James McAvoy, Michael Fassbender, Jennifer Lawrence, Nicholas Hoult","Action, Adventure, Sci-Fi",Canada,200000000.0,252442974.0,"United States, Canada",2019-6
368,Sound of Metal,7.7,2019,December,R,120,Darius Marder,"Riz Ahmed, Olivia Cooke, Paul Raci, Lauren Ridloff","Drama, Music",Belgium,5400000.0,516520.0,United States,2019-12
369,Jexi,6.0,2019,October,R,84,"Jon Lucas, Scott Moore","Adam Devine, Alexandra Shipp, Rose Byrne, Ron Funches","Comedy, Romance, Sci-Fi",USA,5000000.0,9341824.0,"United States, Canada",2019-10
370,Fighting with My Family,7.1,2019,February,PG-13,108,Stephen Merchant,"Dwayne Johnson, Lena Headey, Vince Vaughn, Florence Pugh","Biography, Comedy, Drama",UK,11000000.0,41503392.0,"United Kingdom, United States",2019-2
371,Zombieland: Double Tap,6.7,2019,October,R,99,Ruben Fleischer,"Woody Harrelson, Jesse Eisenberg, Emma Stone, Abigail Breslin","Action, Comedy, Horror",USA,42000000.0,122810399.0,United States,2019-10
372,Vivarium,5.8,2019,March,R,97,Lorcan Finnegan,"Imogen Poots, Danielle Ryan, Molly McCann, Jesse Eisenberg","Horror, Mystery, Sci-Fi",Ireland,4000000.0,487625.0,"Ireland, Belgium, Denmark",2019-3
373,The Peanut Butter Falcon,7.6,2019,August,PG-13,97,"Tyler Nilson, Michael Schwartz","Zack Gottsagen, Ann Pierce, Dakota Johnson, Bruce Dern","Adventure, Comedy, Drama",USA,6200000.0,133031473.0,United States,2019-8
