Title,Rating,Year,Month,Certificate,Runtime,Directors,Stars,Genre,Filming_location,Budget,Income,Country_of_origin
Avatar: The Way of Water,7.8,2022,December,PG-13,192,James Cameron,"Sam Worthington, Zoe Saldana, Sigourney Weaver, Stephen Lang","Action, Adventure, Fantasy",New Zealand,"$350,000,000 ","$2,267,946,983 ",United States
Guillermo del Toro's Pinocchio,7.6,2022,December,PG,117,"Guillermo del Toro, Mark Gustafson","Ewan McGregor, David Bradley, Gregory Mann, Burn Gorman","Animation, Drama, Family",USA,"$35,000,000 ","$108,967 ","United States, Mexico, France"
Bullet Train,7.3,2022,August,R,127,David Leitch,"Brad Pitt, Joey King, Aaron Taylor Johnson, Brian Tyree Henry","Action, Comedy, Thriller",Japan,"$85,900,000 ","$239,268,602 ","Japan, United States"
The Banshees of Inisherin,7.8,2022,November,R,114,Martin McDonagh,"Colin Farrell, Brendan Gleeson, Kerry Condon, Pat Shortt","Comedy, Drama",Ireland,Unknown,"$19,720,823 ","Ireland, United Kingdom, United States"
M3gan,6.4,2022,December,PG-13,102,Gerard Johnstone,"Jenna Davis, Amie Donald, Allison Williams, Violet McGraw","Horror, Sci-Fi, Thriller",New Zealand,"$12,000,000 ","$171,253,910 ",United States
Emancipation,6.1,2022,December,R,132,Antoine Fuqua,"Will Smith, Ben Foster, Charmaine Bingwa, Gilbert Owuor","Action, Thriller",Unknown,"$120,000,000 ",Unknown,United States
Amsterdam,6.1,2022,October,R,134,David O Russell,"Christian Bale, Margot Robbie, John David Washington, Alessandro Nivola","Comedy, Drama, History",USA,"$80,000,000 ","$31,245,810 ","United States, Japan"
Violent Night,6.9,2022,December,R,112,Tommy Wirkola,"David Harbour, John Leguizamo, Beverly D Angelo, Alex Hassell","Action, Comedy, Crime",Canada,"$20,000,000 ","$59,595,460 ","United States, Canada"
The Whale,7.8,2022,December,R,117,Darren Aronofsky,"Brendan Fraser, Sadie Sink, Ty Simpkins, Hong Chau",Drama,USA,"$10,000,000 ","$31,104,312 ",United States
The Fabelmans,7.6,2022,November,PG-13,151,Steven Spielberg,"Michelle Williams, Gabriel LaBelle, Paul Dano, Judd Hirsch",Drama,USA,"$40,000,000 ","$9,500,361 ",United States
The Menu,7.5,2022,November,R,107,Mark Mylod,"Ralph Fiennes, Anya Taylor Joy, Nicholas Hoult, Hong Chau","Comedy, Horror, Thriller",USA,"$35,000,000 ","$65,878,071 ",United States
Babylon,7.3,2022,December,R,188,Damien Chazelle,"Brad Pitt, Margot Robbie, Jean Smart, Olivia Wilde","Comedy, Drama, History",USA,"$78,000,000 ","$61,851,455 ",United States
X,6.6,2022,March,R,105,Ti West,"Mia Goth, Jenna Ortega, Brittany Snow, Kid Cudi","Horror, Mystery, Thriller",New Zealand,"$1,000,000 ","$14,779,858 ","United States, Canada"
Bones and All,7,2022,November,R,131,Luca Guadagnino,"Timoth e Chalamet, Taylor Russell, Mark Rylance, Kendle Coffey","Drama, Horror, Romance",USA,"$16,000,000 ","$14,134,907 ","Italy, United States"
Black Adam,6.5,2022,October,PG-13,125,Jaume Collet Serra,"Dwayne Johnson, Aldis Hodge, Pierce Brosnan, Noah Centineo","Action, Adventure, Fantasy",USA,"$195,000,000 ","$391,273,355 ","United States, Canada, New Zealand, Hungary"
Spirited,6.6,2022,November,PG-13,127,Sean Anders,"Will Ferrell, Ryan Reynolds, Octavia Spencer, Patrick Page","Comedy, Family, Musical",USA,"$100,000,000 ",Unknown,United States
Lady Chatterley's Lover,6.7,2022,December,R,126,Laure de Clermont Tonnerre,"Emma Corrin, Jack O Connell, Matthew Duckett, Joely Richardson","Drama, Romance",UK,Unknown,Unknown,"United Kingdom, United States"
A Christmas Story Christmas,6.8,2022,November,PG,98,Clay Kaytis,"Peter Billingsley, Erinn Hayes, River Drosche, Julianna Layne","Comedy, Family",USA,Unknown,Unknown,"United States, Mexico, Hungary, Canada"
Troll,5.8,2022,December,TV-14,101,Roar Uthaug,"Ine Marie Wilmann, Kim Falck, Mads Sj g rd Pettersen, Gard B Eidsvold","Action, Adventure, Drama",Norway,Unknown,Unknown,Norway
Black Panther: Wakanda Forever,6.8,2022,November,PG-13,161,Ryan Coogler,"Letitia Wright, Lupita Nyong o, Danai Gurira, Winston Duke","Action, Adventure, Drama",USA,"$250,000,000 ","$791,852,924 ",United States
Glass Onion: A Knives Out Mystery,7.6,2022,December,PG-13,140,Rian Johnson,"Daniel Craig, Edward Norton, Kate Hudson, Dave Bautista","Comedy, Crime, Drama",Greece,"$40,000,000 ","$13,280,000 ",United States
Triangle of Sadness,7.6,2022,September,R,147,Ruben stlund,"Thobias Thorwid, Harris Dickinson, Charlbi Dean, Jiannis Moustos","Comedy, Drama",Greece,"€ 10,000,000","$17,211,145 ","Sweden, France, United Kingdom, Germany, Turkey, Greece, United States, Denmark, Switzerland, Mexico"
Everything Everywhere All at Once,8.1,2022,March,R,139,"Dan Kwan, Daniel Scheinert","Michelle Yeoh, Stephanie Hsu, Jamie Lee Curtis, Ke Huy Quan","Action, Adventure, Comedy",USA,"$25,000,000 ","$103,384,361 ",United States
Emily the Criminal,6.7,2022,August,R,97,John Patton Ford,"Aubrey Plaza, Theo Rossi, Bernardo Badillo, John Billingsley","Crime, Drama, Thriller",Mexico,"$3,000,000 ","$2,156,296 ",United States
God's Crooked Lines,7,2022,December,TV-MA,154,Oriol Paulo,"B rbara Lennie, Eduard Fern ndez, Loreto Maule n, Javier Beltr n",Mystery,Spain,Unknown,"$6,060,070 ",Spain
Don't Worry Darling,6.2,2022,September,R,123,Olivia Wilde,"Florence Pugh, Harry Styles, Chris Pine, Olivia Wilde","Drama, Thriller",USA,"$20,000,000 ","$86,709,403 ",United States
Pinocchio,5.1,2022,September,PG,105,Robert Zemeckis,"Joseph Gordon Levitt, Tom Hanks, Benjamin Evan Ainsworth, Angus Wright","Adventure, Comedy, Drama",Italy,"$150,000,000 ","$37,353 ",United States
Top Gun: Maverick,8.4,2022,May,PG-13,130,Joseph Kosinski,"Tom Cruise, Jennifer Connelly, Miles Teller, Val Kilmer","Action, Drama",USA,"$170,000,000 ","$1,488,732,821 ",United States
Smile,6.6,2022,September,R,115,Parker Finn,"Sosie Bacon, Jessie T Usher, Kyle Gallner, Robin Weigert","Horror, Mystery, Thriller",USA,"$17,000,000 ","$216,135,048 ",United States
The Batman,7.8,2022,March,PG-13,176,Matt Reeves,"Robert Pattinson, Zo Kravitz, Jeffrey Wright, Colin Farrell","Action, Crime, Drama",UK,"$200,000,000 ","$770,836,163 ",United States
Something from Tiffany's,6.2,2022,December,PG,87,Daryl Wein,"Zoey Deutch, Kendrick Sampson, Ray Nicholson, Shay Mitchell","Comedy, Family, Romance",USA,Unknown,Unknown,United States
Barbarian,7.1,2022,September,R,102,Zach Cregger,"Georgina Campbell, Bill Skarsg rd, Justin Long, Matthew Patrick Davis","Horror, Mystery, Thriller",Bulgaria,"$4,500,000 ","$45,352,337 ",United States
She Said,7.2,2022,November,R,129,Maria Schrader,"Carey Mulligan, Zoe Kazan, Patricia Clarkson, Andre Braugher","Drama, History",USA,"$32,000,000 ","$11,110,294 ",United States
Ticket to Paradise,6.2,2022,October,PG-13,104,Ol Parker,"George Clooney, Sean Lynch, Julia Roberts, Arielle Carver O Neill","Comedy, Romance",Australia,"$60,000,000 ","$167,456,898 ","United States, United Kingdom"
The Noel Diary,6.1,2022,November,TV-14,99,Charles Shyer,"Justin Hartley, Bonnie Bedelia, Barrett Doss, James Remar","Comedy, Drama, Romance",USA,Unknown,Unknown,United States
Prey for the Devil,5.2,2022,October,PG-13,93,Daniel Stamm,"Jacqueline Byers, Debora Zhecheva, Christian Navarro, Posy Taylor","Horror, Thriller",Unknown,Unknown,"$43,300,652 ",United States
The Northman,7.1,2022,April,R,137,Robert Eggers,"Alexander Skarsg rd, Nicole Kidman, Claes Bang, Ethan Hawke","Action, Adventure, Drama",Iceland,"$60,000,000 ","$69,633,110 ","United States, China, United Kingdom"
The Pale Blue Eye,7.6,2022,January,R,128,Scott Cooper,"Christian Bale, Harry Melling, Fred Hechinger, Gillian Anderson","Crime, Horror, Mystery",USA,"$72,000,000 ",Unknown,United States
Puss in Boots: The Last Wish,7.7,2022,December,PG,100,"Joel Crawford, Januel Mercado","Antonio Banderas, Salma Hayek, Harvey Guill n, Florence Pugh","Animation, Adventure, Comedy",Unknown,Unknown,"$28,563,190 ",United States
All Quiet on the Western Front,7.8,2022,October,R,148,Edward Berger,"Felix Kammerer, Albrecht Schuch, Aaron Hilmer, Moritz Klaus","Action, Drama, War",Belgium,Unknown,Unknown,"Germany, United States, United Kingdom"
Tár,7.8,2022,October,R,158,Todd Field,"Cate Blanchett, No mie Merlant, Nina Hoss, Sophie Kauer","Biography, Drama, Music",Germany,"$35,000,000 ","$5,493,533 ",United States
Falling for Christmas,5.2,2022,November,TV-PG,93,Janeen Damian,"Lindsay Lohan, Chord Overstreet, George Young, Jack Wagner","Comedy, Romance",USA,Unknown,Unknown,United States
Scrooge: A Christmas Carol,6.1,2022,December,TV-Y7,96,Stephen Donnelly,"Luke Evans, Olivia Colman, Jessie Buckley, Johnny Flynn","Animation, Adventure, Comedy",Unknown,Unknown,Unknown,"United Kingdom, United States"
The Swimmers,7.4,2022,November,PG-13,134,Sally El Hosaini,"Matthias Schweigh fer, Manal Issa, Nathalie Issa, Ali Suliman","Biography, Drama, Sport",Turkey,Unknown,Unknown,"United Kingdom, United States"
Christmas Bloody Christmas,5.2,2022,December,Not Rated,86,Joe Begos,"Riley Dandy, Sam Delich, Jonah Ray, Dora Madison",Horror,USA,Unknown,"$190,662 ",United States
Kantara,8.5,2022,September,,148,Rishab Shetty,"Rishab Shetty, Kishore Kumar G , Achyuth Kumar, Sapthami Gowda","Action, Adventure, Drama",Unknown,"$2,000,000 ","$2,406,221 ",India
Nope,6.9,2022,July,R,130,Jordan Peele,"Daniel Kaluuya, Keke Palmer, Steven Yeun, Brandon Perea","Horror, Mystery, Sci-Fi",USA,"$68,000,000 ","$171,235,592 ","United States, Canada, Japan"
Where the Crawdads Sing,7.1,2022,July,PG-13,125,Olivia Newman,"Daisy Edgar Jones, Taylor John Smith, Harris Dickinson, David Strathairn","Drama, Mystery, Thriller",USA,"$24,000,000 ","$140,230,760 ",United States
Scream,6.3,2022,January,R,114,"Matt Bettinelli Olpin, Tyler Gillett","Neve Campbell, Courteney Cox, David Arquette, Melissa Barrera","Horror, Mystery, Thriller",USA,"$24,000,000 ","$140,041,405 ",United States
Strange World,5.1,2022,November,PG,102,"Don Hall, Qui Nguyen","Jake Gyllenhaal, Jaboukie Young White, Gabrielle Union, Dennis Quaid","Animation, Action, Adventure",USA,"$120,000,000 ","$62,170,845 ",United States
The Wonder,6.6,2022,November,R,108,Sebasti n Lelio,"Florence Pugh, Tom Burke, K la Lord Cassidy, Niamh Algar","Drama, Mystery, Thriller",Ireland,Unknown,Unknown,"Ireland, United Kingdom, United States"
Freddy,8,2022,December,,124,Shashanka Ghosh,"Kartik Aaryan, Alaya F, Karan Pandit, Sajjad Delafrooz","Drama, Mystery, Romance",Unknown,Unknown,Unknown,India
Doctor G,6.9,2022,October,,124,Anubhuti Kashyap,"Rakul Preet Singh, Ayushmann Khurrana, Shefali Shah, Ayesha Kaduskar","Comedy, Drama",Unknown,Unknown,"$2,171,942 ",India
I Believe in Santa,4.4,2022,December,PG,89,Alex Ranarivelo,"Christina Moore, John Ducey, Violet McGraw, Sachin Bhatt","Comedy, Romance",Unknown,Unknown,Unknown,United States
This Is Christmas,6.9,2022,December,,111,Chris Foggin,"Alfred Enoch, Laura Aikman, Kriss Dillon, Jack Donoghue","Comedy, Romance",UK,"$9,000,000 ",Unknown,United Kingdom
Pearl,7,2022,September,R,103,Ti West,"Mia Goth, David Corenswet, Tandi Wright, Matthew Sunderland",Horror,New Zealand,Unknown,"$9,423,445 ","United States, Canada"
The Woman King,6.7,2022,September,PG-13,135,Gina Prince Bythewood,"Viola Davis, Thuso Mbedu, Lashana Lynch, Sheila Atim","Action, Drama, History",South Africa,"$50,000,000 ","$92,272,486 ",United States
Your Christmas or Mine?,6.4,2022,December,,95,Jim O Hanlon,"Asa Butterfield, Cora Kirk, Daniel Mays, Angela Griffin","Comedy, Romance",UK,Unknown,Unknown,United Kingdom
Disenchanted,5.7,2022,November,PG,119,Adam Shankman,"Amy Adams, Patrick Dempsey, Maya Rudolph, Gabriella Baldacchino","Animation, Adventure, Comedy",Ireland,Unknown,Unknown,United States
White Noise,6.6,2022,December,R,136,Noah Baumbach,"Adam Driver, Greta Gerwig, Don Cheadle, Madison Gaughan","Comedy, Drama, Horror",USA,"$80,000,000 ","$70,459 ","United States, United Kingdom"
Night at the Museum: Kahmunrah Rises Again,5,2022,December,PG,77,"Matt Danner, Justin Lovell","Joshua Bassett, Jamie Demetriou, Alice Isaaz, Christie Bahna","Animation, Adventure, Comedy",USA,Unknown,Unknown,United States
Thor: Love and Thunder,6.3,2022,July,PG-13,118,Taika Waititi,"Chris Hemsworth, Natalie Portman, Christian Bale, Tessa Thompson","Action, Adventure, Comedy",Australia,"$250,000,000 ","$760,928,081 ","Australia, United States"
Nanny,5.2,2022,December,R,99,Nikyatu Jusu,"Anna Diop, Michelle Monaghan, Sinqua Walls, Morgan Spector","Drama, Horror, Thriller",Unknown,Unknown,Unknown,United States
Empire of Light,6.6,2022,December,R,115,Sam Mendes,"Olivia Colman, Micheal Ward, Colin Firth, Toby Jones","Drama, Romance",UK,Unknown,"$616,584 ","United Kingdom, United States"
The Mean One,4.2,2022,December,,93,Steven LaMorte,"David Howard Thornton, Krystle Martin, Chase Mullins, Amy Schumacher",Horror,Unknown,Unknown,"$520,200 ",United States
Slumberland,6.7,2022,November,PG,117,Francis Lawrence,"Jason Momoa, Marlow Barkley, Chris O Dowd, Kyle Chandler","Adventure, Comedy, Family",Canada,"$150,000,000 ",Unknown,United States
Aftersun,7.7,2022,November,R,102,Charlotte Wells,"Paul Mescal, Frankie Corio, Celia Rowlson Hall, Sally Messham",Drama,Turkey,Unknown,"$2,229,943 ","United Kingdom, United States"
Roald Dahl's Matilda the Musical,7.4,2022,December,PG,117,Matthew Warchus,"Alisha Weir, Emma Thompson, Lashana Lynch, Stephen Graham","Comedy, Drama, Family",UK,Unknown,"$15,504,227 ","United Kingdom, United States"
Devotion,7,2022,November,PG-13,139,J D Dillard,"Jonathan Majors, Glen Powell, Christina Jackson, Thomas Sadoski","Action, Drama, War",USA,"$90,000,000 ","$19,949,405 ",United States
Terrifier 2,6.2,2022,October,Not Rated,138,Damien Leone,"Lauren LaVera, David Howard Thornton, Jenna Kanell, Kailey Hyman",Horror,USA,"$250,000 ","$12,150,025 ",United States
See How They Run,6.5,2022,September,PG-13,98,Tom George,"Kieran Hodgson, Pearl Chanda, Gregory Cox, Harris Dickinson","Comedy, Mystery",UK,"$40,000,000 ","$21,966,634 ","United States, United Kingdom"
The Stranger,6.6,2022,October,TV-MA,117,Thomas M Wright,"Joel Edgerton, Sean Harris, Jada Alberts, Cormac Wright","Crime, Drama, Thriller",Australia,Unknown,"$139,087 ",Australia
Elvis,7.4,2022,June,PG-13,159,Baz Luhrmann,"Tom Hanks, Austin Butler, Olivia DeJonge, Helen Thomson","Biography, Drama, Music",Australia,"$85,000,000 ","$286,040,048 ","United States, Australia"
Weird: The Al Yankovic Story,7,2022,November,TV-14,108,Eric Appel,"Diedrich Bader, Daniel Radcliffe, Lin Manuel Miranda, Richard Aaron Anderson","Biography, Comedy, Music",USA,"$8,000,000 ",Unknown,United States
The Gray Man,6.5,2022,July,PG-13,122,"Anthony Russo, Joe Russo","Ryan Gosling, Chris Evans, Ana de Armas, Billy Bob Thornton","Action, Thriller",France,"$200,000,000 ","$454,023 ","United States, Czech Republic"
RRR,7.9,2022,March,Not Rated,187,S S Rajamouli,"N T Rama Rao Jr , Ram Charan Teja, Ajay Devgn, Alia Bhatt","Action, Drama",Bulgaria,"₹3,500,000,000","$102,973,162 ",India
Whitney Houston: I Wanna Dance with Somebody,6.8,2022,December,PG-13,146,Kasi Lemmons,"Naomi Ackie, Stanley Tucci, Ashton Sanders, Tamara Tunie","Biography, Drama, Music",USA,Unknown,"$2,730,000 ",United States
The Binge 2: It's A Wonderful Binge,4.7,2022,December,TV-MA,98,Jordan VanDina,"Kaitlin Olson, Danny Trejo, Patty Guggenheim, Eduardo Franco",Comedy,USA,Unknown,Unknown,United States
The School for Good and Evil,5.8,2022,October,PG-13,147,Paul Feig,"Kit Young, Sophia Anne Caruso, Cate Blanchett, Liam Woon","Action, Comedy, Drama",UK,Unknown,Unknown,United States
Enola Holmes 2,6.8,2022,November,PG-13,129,Harry Bradbeer,"Millie Bobby Brown, Henry Cavill, David Thewlis, Louis Partridge","Action, Adventure, Crime",UK,Unknown,Unknown,"United Kingdom, United States"
Bardo: False Chronicle of a Handful of Truths,7,2022,December,R,159,Alejandro G I rritu,"Daniel Gim nez Cacho, Griselda Siciliani, Ximena Lamadrid, ker S nchez Solano","Comedy, Drama",Mexico,Unknown,"$38,190 ",Mexico
Decision to Leave,7.3,2022,June,,139,Park Chan wook,"Park Hae il, Tang Wei, Lee Jung hyun, Go Kyung Pyo","Crime, Drama, Mystery",South Korea,"$10,000,000 ","$21,661,216 ",South Korea
Fall,6.4,2022,August,PG-13,107,Scott Mann,"Grace Caroline Currey, Virginia Gardner, Mason Gooding, Jeffrey Dean Morgan",Thriller,USA,"$3,000,000 ","$17,377,065 ","United Kingdom, United States"
The Good Nurse,6.8,2022,October,R,121,Tobias Lindholm,"Eddie Redmayne, Jessica Chastain, Denise Pillott, Dartel McRae","Biography, Crime, Drama",USA,Unknown,"$14,943 ",United States
Drishyam 2,8.6,2022,November,,140,Abhishek Pathak,"Ajay Devgn, Tabu, Akshaye Khanna, Shriya Saran","Crime, Drama, Mystery",India,Unknown,"$2,776,721 ",India
A Man Called Otto,,2022,January,PG-13,126,Marc Forster,"Tom Hanks, Rachel Keller, Manuel Garcia Rulfo, Kailey Hyman","Comedy, Drama",USA,Unknown,Unknown,"Sweden, United States"
The Apology,5,2022,December,,91,Alison Locke,"Anna Gunn, Linus Roache, Janeane Garofalo, Holland Bailey",Thriller,USA,Unknown,Unknown,United States
Uncharted,6.3,2022,February,PG-13,116,Ruben Fleischer,"Tom Holland, Mark Wahlberg, Antonio Banderas, Sophia Ali","Action, Adventure",Spain,"$120,000,000 ","$401,748,820 ","Spain, United States"
Women Talking,7.7,2022,January,PG-13,104,Sarah Polley,"Rooney Mara, Claire Foy, Jessie Buckley, Frances McDormand",Drama,Unknown,Unknown,Unknown,United States
Death on the Nile,6.3,2022,February,PG-13,127,Kenneth Branagh,"Tom Bateman, Annette Bening, Kenneth Branagh, Russell Brand","Crime, Drama, Mystery",Egypt,"$90,000,000 ","$137,307,235 ","United States, United Kingdom"
Blonde,5.5,2022,September,NC-17,167,Andrew Dominik,"Ana de Armas, Lily Fisher, Julianne Nicholson, Tygh Runyan","Biography, Drama, Romance",USA,"$22,000,000 ",Unknown,United States
Christmas with You,5.5,2022,November,TV-PG,89,Gabriela Tagliavini,"Aimee Garcia, Freddie Prinze Jr , Deja Monique Cruz, Gabriel Sloyer","Comedy, Family, Romance",USA,Unknown,Unknown,United States
Corsage,6.7,2022,December,,113,Marie Kreutzer,"Vicky Krieps, Colin Morgan, Ivana Urban, Alma Hasun","Biography, Drama, History",Austria,"€ 7,500,000","$1,259,206 ","Austria, Luxembourg, Germany, France"
Jurassic World: Dominion,5.7,2022,June,PG-13,147,Colin Trevorrow,"Chris Pratt, Bryce Dallas Howard, Laura Dern, Sam Neill","Action, Adventure, Sci-Fi",Malta,"$165,000,000 ","$1,001,136,080 ","United States, China, Malta"
Skinamarink,5.4,2022,January,,100,Kyle Edward Ball,"Jaime Hill, Lucas Paul, Ross Paul, Dali Rose Tetreault",Horror,Canada,"CA$15,000",Unknown,Canada
Spoiler Alert,6.7,2022,December,PG-13,112,Michael Showalter,"Jim Parsons, Ben Aldridge, Josh Pais, Allegra Heart","Comedy, Drama",Unknown,Unknown,"$1,384,003 ",United States
I Heard the Bells,7.4,2022,December,,110,Joshua Enck,"Stephen Atherholt, Jonathan Blair, Rachel Day Hughes, Zach Meeker",Drama,Unknown,Unknown,"$5,382,295 ",United States
Memory,5.7,2022,April,R,114,Martin Campbell,"Liam Neeson, Guy Pearce, Taj Atwal, Harold Torres","Action, Crime, Thriller",Bulgaria,"$30,000,000 ","$13,897,255 ",United States
An Action Hero,8,2022,December,,130,Anirudh Iyer,"Ayushmann Khurrana, Nora Fatehi, Akshay Kumar, Malaika Arora","Action, Comedy, Crime",Unknown,Unknown,"$197,835 ",India
The Big Four,6.1,2022,December,TV-MA,141,Timo Tjahjanto,"Abimana Aryasatya, Putri Marino, Lutesha, Arie Kriting","Action, Comedy, Crime",Indonesia,Unknown,Unknown,Indonesia
The Fallout,7,2021,January,R,96,Megan Park,"Jenna Ortega, Maddie Ziegler, Niles Fitch, Will Ropp",Drama,USA,Unknown,Unknown,United States
Farha,8.4,2021,December,TV-14,92,Darin J Sallam,"Karam Taher, Ashraf Barhom, Ali Suliman, Tala Gammoh",Drama,Jordan,Unknown,$703 ,"Jordan, Saudi Arabia, Sweden"
Dune,8,2021,October,PG-13,155,Denis Villeneuve,"Timoth e Chalamet, Rebecca Ferguson, Zendaya, Oscar Isaac","Action, Adventure, Drama",Jordan,"$165,000,000 ","$401,847,900 ","United States, Canada"
Spider-Man: No Way Home,8.3,2021,December,PG-13,148,Jon Watts,"Tom Holland, Zendaya, Benedict Cumberbatch, Jacob Batalon","Action, Adventure, Fantasy",Iceland,"$200,000,000 ","$1,917,430,023 ",United States
The Little Things,6.3,2021,January,R,128,John Lee Hancock,"Denzel Washington, Rami Malek, Jared Leto, Chris Bauer","Crime, Drama, Mystery",USA,"$30,000,000 ","$30,863,426 ",United States
No Time to Die,7.3,2021,October,PG-13,163,Cary Joji Fukunaga,"Daniel Craig, Ana de Armas, Rami Malek, L a Seydoux","Action, Adventure, Thriller",UK,"$250,000,000 ","$774,153,007 ","United Kingdom, United States"
Love Hard,6.3,2021,November,TV-MA,104,Hern n Jim nez,"Nina Dobrev, Jimmy O Yang, Darren Barnet, James Saito","Comedy, Romance",Canada,Unknown,Unknown,United States
A Boy Called Christmas,6.7,2021,November,PG,106,Gil Kenan,"Maggie Smith, Isabella O Sullivan, Joel Fry, Eden Lawrence","Adventure, Drama, Family",Finland,Unknown,"$3,704,685 ","United Kingdom, France"
The Suicide Squad,7.2,2021,August,R,132,James Gunn,"Margot Robbie, Idris Elba, John Cena, Joel Kinnaman","Action, Adventure, Comedy",Panama,"$185,000,000 ","$168,657,565 ",United States
Don't Look Up,7.2,2021,December,R,138,Adam McKay,"Leonardo DiCaprio, Jennifer Lawrence, Meryl Streep, Cate Blanchett","Comedy, Drama, Sci-Fi",USA,"$75,000,000 ","$791,863 ",United States
The Black Phone,6.9,2021,June,R,103,Scott Derrickson,"Mason Thames, Madeleine McGraw, Ethan Hawke, Jeremy Davies","Horror, Thriller",USA,"$18,000,000 ","$161,204,742 ",United States
Licorice Pizza,7.2,2021,December,R,133,Paul Thomas Anderson,"Alana Haim, Cooper Hoffman, Sean Penn, Tom Waits","Comedy, Drama, Romance",USA,"$40,000,000 ","$33,267,952 ","United States, Canada"
Girl in the Basement,6.3,2021,February,TV-14,88,Elisabeth R hm,"Judd Nelson, Stefanie Scott, Joely Fisher, Emma Myers","Crime, Thriller",Georgia,Unknown,Unknown,United States
The King's Man,6.3,2021,December,R,131,Matthew Vaughn,"Ralph Fiennes, Gemma Arterton, Rhys Ifans, Harris Dickinson","Action, Adventure, Thriller",Italy,"$100,000,000 ","$125,897,478 ","United Kingdom, United States"
Sing 2,7.4,2021,December,PG,110,"Garth Jennings, Christophe Lourdelet","Matthew McConaughey, Reese Witherspoon, Scarlett Johansson, Tori Kelly","Animation, Adventure, Comedy",Unknown,"$85,000,000 ","$407,514,912 ","United States, Japan"
Mortal Kombat,6.1,2021,April,R,110,Simon McQuoid,"Lewis Tan, Jessica McNamee, Josh Lawson, Joe Taslim","Action, Adventure, Fantasy",Australia,"$55,000,000 ","$84,416,731 ",United States
Last Night in Soho,7.1,2021,October,R,116,Edgar Wright,"Thomasin McKenzie, Anya Taylor Joy, Matt Smith, Diana Rigg","Drama, Horror, Mystery",UK,"$43,000,000 ","$22,957,625 ","United Kingdom, China"
Nobody,7.4,2021,March,R,92,Ilya Naishuller,"Bob Odenkirk, Aleksey Serebryakov, Connie Nielsen, Christopher Lloyd","Action, Crime, Drama",Canada,"$16,000,000 ","$57,510,518 ","United States, Japan, China"
Nightmare Alley,7,2021,December,R,150,Guillermo del Toro,"Bradley Cooper, Cate Blanchett, Toni Collette, Willem Dafoe","Crime, Drama, Thriller",USA,"$60,000,000 ","$39,629,195 ","United States, Mexico, Canada"
Eternals,6.3,2021,November,PG-13,156,Chlo Zhao,"Gemma Chan, Richard Madden, Angelina Jolie, Salma Hayek","Action, Adventure, Fantasy",Spain,"$200,000,000 ","$402,064,899 ",United States
8-Bit Christmas,6.7,2021,November,PG,97,Michael Dowse,"Winslow Fegley, Neil Patrick Harris, Steve Zahn, June Diane Raphael","Comedy, Family",Canada,Unknown,Unknown,United States
The Worst Person in the World,7.8,2021,October,R,128,Joachim Trier,"Renate Reinsve, Anders Danielsen Lie, Herbert Nordrum, Hans Olav Brenner","Comedy, Drama, Romance",Norway,"€ 5,000,000","$12,678,166 ","Norway, France, Sweden, Denmark"
Free Guy,7.1,2021,August,PG-13,115,Shawn Levy,"Ryan Reynolds, Jodie Comer, Taika Waititi, Lil Rel Howery","Action, Adventure, Comedy",USA,"$120,000,000 ","$331,526,598 ","United States, Canada"
Zack Snyder's Justice League,8,2021,March,R,242,Zack Snyder,"Henry Cavill, Ben Affleck, Gal Gadot, Amy Adams","Action, Adventure, Fantasy",Iceland,"$300,000,000 ",Unknown,United States
Pleasure,6.4,2021,October,R,109,Ninja Thyberg,"Sofia Kappel, Zelda Morrison, Evelyn Claire, Chris Cock",Drama,USA,"SEK 19,000,000","$393,824 ","Sweden, Netherlands, France"
Single All the Way,6.1,2021,December,TV-PG,99,Michael Mayer,"Michael Urie, Philemon Chambers, Luke Macfarlane, Barry Bostwick","Comedy, Drama, Romance",Canada,Unknown,Unknown,United States
House of Gucci,6.6,2021,November,R,158,Ridley Scott,"Lady Gaga, Adam Driver, Al Pacino, Jeremy Irons","Biography, Crime, Drama",Italy,"$75,000,000 ","$153,265,068 ","United States, Canada"
Encanto,7.2,2021,November,PG,102,"Jared Bush, Byron Howard, Charise Castro Smith","Stephanie Beatriz, Mar a Cecilia Botero, John Leguizamo, Mauro Castillo","Animation, Comedy, Family",Unknown,"$50,000,000 ","$256,786,742 ",United States
The Matrix Resurrections,5.7,2021,December,R,148,Lana Wachowski,"Keanu Reeves, Carrie Anne Moss, Yahya Abdul Mateen II, Jonathan Groff","Action, Sci-Fi",Germany,"$190,000,000 ","$157,297,525 ","United States, Australia"
Home Sweet Home Alone,3.6,2021,November,PG,93,Dan Mazer,"Ellie Kemper, Rob Delaney, Archie Yates, Aisling Bea","Comedy, Crime, Family",Canada,"$15,000,000 ",Unknown,United States
Ghostbusters: Afterlife,7.1,2021,November,PG-13,124,Jason Reitman,"Carrie Coon, Paul Rudd, Finn Wolfhard, Mckenna Grace","Adventure, Comedy, Fantasy",Canada,"$75,000,000 ","$204,334,455 ","United States, Canada"
Wrath of Man,7.1,2021,May,R,119,Guy Ritchie,"Jason Statham, Holt McCallany, Josh Hartnett, Rocci Williams","Action, Crime, Thriller",USA,"$40,000,000 ","$103,966,489 ","United Kingdom, United States"
Black Widow,6.7,2021,July,PG-13,134,Cate Shortland,"Scarlett Johansson, Florence Pugh, David Harbour, Rachel Weisz","Action, Adventure, Sci-Fi",Norway,"$200,000,000 ","$379,751,655 ",United States
Yes Day,5.7,2021,March,PG,86,Miguel Arteta,"Jennifer Garner, Edgar Ram rez, Jenna Ortega, Julian Lerner","Comedy, Family",USA,Unknown,Unknown,United States
F9: The Fast Saga,5.2,2021,June,PG-13,143,Justin Lin,"Vin Diesel, Michelle Rodriguez, Jordana Brewster, Tyrese Gibson","Action, Crime, Thriller",Georgia,"$200,000,000 ","$726,229,501 ",United States
CODA,8,2021,August,PG-13,111,Sian Heder,"Emilia Jones, Marlee Matlin, Troy Kotsur, Daniel Durant","Comedy, Drama, Music",USA,"$10,000,000 ","$1,886,365 ","France, Canada, United States"
The Last Duel,7.4,2021,October,R,152,Ridley Scott,"Matt Damon, Adam Driver, Jodie Comer, Harriet Walter","Action, Drama, History",Ireland,"$100,000,000 ","$30,552,111 ","United Kingdom, United States"
A Castle for Christmas,5.5,2021,November,TV-G,98,Mary Lambert,"Brooke Shields, Cary Elwes, Lee Ross, Andi Osho","Adventure, Comedy, Drama",UK,Unknown,Unknown,"United Kingdom, United States"
Cyrano,6.4,2021,February,PG-13,123,Joe Wright,"Peter Dinklage, Haley Bennett, Kelvin Harrison Jr , Ben Mendelsohn","Drama, Musical, Romance",Italy,Unknown,"$6,396,686 ","United Kingdom, Canada, United States"
Silent Night,5.7,2021,December,,92,Camille Griffin,"Keira Knightley, Matthew Goode, Roman Griffin Davis, Annabelle Wallis","Comedy, Drama",Unknown,Unknown,"$438,825 ",United Kingdom
The Power of the Dog,6.8,2021,December,R,126,Jane Campion,"Benedict Cumberbatch, Kirsten Dunst, Jesse Plemons, Kodi Smit McPhee","Drama, Romance, Western",New Zealand,Unknown,"$271,009 ","New Zealand, United Kingdom, Canada, Australia"
The Voyeurs,6,2021,September,R,116,Michael Mohan,"Sydney Sweeney, Justice Smith, Ben Hardy, Natasha Liu Bordizzo","Drama, Mystery, Thriller",Canada,Unknown,Unknown,United States
Shang-Chi and the Legend of the Ten Rings,7.4,2021,September,PG-13,132,Destin Daniel Cretton,"Simu Liu, Awkwafina, Tony Chiu Wai Leung, Ben Kingsley","Action, Adventure, Fantasy",Australia,"$200,000,000 ","$432,243,292 ",United States
West Side Story,7.2,2021,December,PG-13,156,Steven Spielberg,"Ansel Elgort, Rachel Zegler, Ariana DeBose, David Alvarez","Crime, Drama, Musical",USA,"$100,000,000 ","$76,016,171 ",United States
Operation Mincemeat,6.6,2021,May,PG-13,128,John Madden,"Colin Firth, Matthew Macfadyen, Kelly Macdonald, Rufus Wright","Drama, War",Spain,Unknown,"$15,710,164 ","United Kingdom, United States"
Old,5.8,2021,July,PG-13,108,M Night Shyamalan,"Gael Garc a Bernal, Vicky Krieps, Rufus Sewell, Alex Wolff","Drama, Horror, Mystery",Dominican Republic,"$18,000,000 ","$90,146,510 ","United States, Japan, China"
Red Notice,6.3,2021,November,PG-13,118,Rawson Marshall Thurber,"Dwayne Johnson, Ryan Reynolds, Gal Gadot, Ritu Arya","Action, Comedy, Thriller",Italy,"$160,000,000 ","$178,143 ",United States
Mad God,6.8,2021,June,,83,Phil Tippett,"Alex Cox, Niketa Roman, Satish Ratakonda, Harper Taylor","Animation, Fantasy, Horror",Unknown,Unknown,"$325,042 ",United States
The Green Knight,6.6,2021,July,R,130,David Lowery,"Dev Patel, Alicia Vikander, Joel Edgerton, Sarita Choudhury","Adventure, Drama, Fantasy",Ireland,Unknown,"$18,888,418 ","United States, Canada, Ireland"
The Many Saints of Newark,6.3,2021,October,R,120,Alan Taylor,"Alessandro Nivola, Leslie Odom Jr , Jon Bernthal, Vera Farmiga","Crime, Drama",USA,"$50,000,000 ","$13,058,293 ",United States
Belfast,7.3,2021,November,PG-13,98,Kenneth Branagh,"Jude Hill, Lewis McAskie, Caitr ona Balfe, Jamie Dornan","Biography, Drama",UK,"$25,000,000 ","$48,845,160 ",United Kingdom
Father Christmas Is Back,4.5,2021,November,PG-13,105,"Mick Davis, Philippe Martinez","Elizabeth Hurley, John Cleese, Kelsey Grammer, Nathalie Cox",Comedy,UK,Unknown,"$5,751 ",United Kingdom
The Guilty,6.3,2021,October,R,90,Antoine Fuqua,"Jake Gyllenhaal, Riley Keough, Peter Sarsgaard, Christina Vidal","Crime, Drama, Thriller",USA,Unknown,Unknown,United States
Army of the Dead,5.7,2021,May,R,148,Zack Snyder,"Dave Bautista, Ella Purnell, Ana de la Reguera, Omari Hardwick","Action, Crime, Horror",USA,"$70,000,000 ",Unknown,United States
Malignant,6.2,2021,September,R,111,James Wan,"Annabelle Wallis, Maddie Hasson, George Young, Michole Briana White","Crime, Horror, Mystery",USA,"$40,000,000 ","$34,892,041 ","United States, China"
Marcel the Shell with Shoes On,7.9,2021,June,PG,90,Dean Fleischer Camp,"Jenny Slate, Dean Fleischer Camp, Isabella Rossellini, Joe Gabler","Animation, Comedy, Drama",Unknown,Unknown,"$6,336,735 ",United States
The Electrical Life of Louis Wain,6.8,2021,November,PG-13,111,Will Sharpe,"Benedict Cumberbatch, Claire Foy, Andrea Riseborough, Toby Jones","Biography, Drama, History",UK,Unknown,"$1,509,173 ",United Kingdom
The Tomorrow War,6.5,2021,July,PG-13,138,Chris McKay,"Chris Pratt, Yvonne Strahovski, J K Simmons, Betty Gilpin","Action, Adventure, Drama",Iceland,"$200,000,000 ","$14,400,000 ",United States
On the Count of Three,7,2021,May,R,86,Jerrod Carmichael,"Jerrod Carmichael, Christopher Abbott, Tiffany Haddish, Lavell Crawford","Comedy, Crime, Drama",Canada,Unknown,"$62,131 ",United States
After Yang,6.6,2021,March,PG,96,Kogonada,"Colin Farrell, Jodie Turner Smith, Malea Emma Tjandrawidjaja, Justin H Min","Drama, Sci-Fi",Unknown,Unknown,"$672,154 ",United States
Godzilla vs. Kong,6.3,2021,March,PG-13,113,Adam Wingard,"Alexander Skarsg rd, Millie Bobby Brown, Rebecca Hall, Brian Tyree Henry","Action, Sci-Fi, Thriller",Australia,"$200,000,000 ","$470,067,014 ",United States
Cruella,7.3,2021,May,PG-13,134,Craig Gillespie,"Emma Stone, Emma Thompson, Joel Fry, Paul Walter Hauser","Adventure, Comedy, Crime",UK,"$100,000,000 ","$233,503,234 ","United States, United Kingdom"
Army of Thieves,6.4,2021,October,TV-MA,127,Matthias Schweigh fer,"Matthias Schweigh fer, Nathalie Emmanuel, Ruby O Fee, Stuart Martin","Action, Comedy, Crime",Germany,Unknown,Unknown,"Germany, United States"
Benedetta,6.8,2021,December,Unrated,131,Paul Verhoeven,"Virginie Efira, Charlotte Rampling, Daphne Patakia, Lambert Wilson","Biography, Drama, History",France,"$24,350,000 ","$4,250,592 ","France, Belgium, Netherlands"
Resident Evil: Welcome to Raccoon City,5.2,2021,November,R,107,Johannes Roberts,"Kaya Scodelario, Robbie Amell, Hannah John Kamen, Tom Hopper","Action, Horror, Sci-Fi",Canada,"$25,000,000 ","$41,914,915 ","Canada, Germany"
Infinite,5.4,2021,June,PG-13,106,Antoine Fuqua,"Mark Wahlberg, Chiwetel Ejiofor, Sophie Cookson, Dylan O Brien","Action, Sci-Fi, Thriller",UK,Unknown,Unknown,United States
Boiling Point,7.5,2021,January,R,92,Philip Barantini,"Stephen Graham, Vinette Robinson, Alice Feetham, Ray Panthaki","Drama, Thriller",UK,"$820,000 ","$1,426,916 ",United Kingdom
The Harder They Fall,6.6,2021,November,R,139,Jeymes Samuel,"Jonathan Majors, Zazie Beetz, RJ Cyler, Edi Gathegi","Action, Drama, Western",USA,Unknown,"$8,292 ",United States
Voyagers,5.4,2021,April,PG-13,108,Neil Burger,"Colin Farrell, Tye Sheridan, Lily Rose Depp, Fionn Whitehead","Adventure, Sci-Fi, Thriller",Romania,Unknown,"$4,298,184 ","United States, Czech Republic, Romania, United Kingdom"
Venom: Let There Be Carnage,5.9,2021,October,PG-13,97,Andy Serkis,"Tom Hardy, Woody Harrelson, Michelle Williams, Naomie Harris","Action, Adventure, Sci-Fi",UK,"$110,000,000 ","$506,863,592 ","United States, China"
Red Rocket,7.2,2021,December,R,130,Sean Baker,"Simon Rex, Bree Elrod, Suzanna Son, Brenda Deiss","Comedy, Drama",USA,"$1,100,000 ","$2,312,554 ",United States
Pig,6.9,2021,July,R,92,Michael Sarnoski,"Nicolas Cage, Alex Wolff, Adam Arkin, Cassandra Violet","Drama, Mystery",USA,Unknown,"$3,889,432 ","United States, United Kingdom"
No Sudden Move,6.4,2021,July,R,115,Steven Soderbergh,"Don Cheadle, Benicio Del Toro, David Harbour, Jon Hamm","Crime, Drama, Mystery",USA,Unknown,Unknown,United States
The Addams Family 2,5.4,2021,October,PG,93,"Greg Tiernan, Conrad Vernon, Laura Brousseau, Kevin Pavlovic","Oscar Isaac, Charlize Theron, Chlo Grace Moretz, Javon Wanna Walton","Animation, Adventure, Comedy",Unknown,Unknown,"$119,815,153 ","United States, Canada"
The Innocents,7,2021,September,Not Rated,117,Eskil Vogt,"Rakel Lenora Fl ttum, Alva Brynsmo Ramstad, Sam Ashraf, Mina Yasmin Bremseth Asheim","Drama, Fantasy, Horror",Unknown,Unknown,"$232,071 ","Norway, Sweden, Denmark, Finland, France, United Kingdom"
King Richard,7.5,2021,November,PG-13,144,Reinaldo Marcus Green,"Will Smith, Aunjanue Ellis, Jon Bernthal, Saniyya Sidney","Biography, Drama, Sport",USA,"$50,000,000 ","$39,359,895 ",United States
The Forgiven,6,2021,September,R,117,John Michael McDonagh,"Jessica Chastain, Ralph Fiennes, Matt Smith, Abbey Lee",Drama,Morocco,Unknown,"$1,371,556 ","United Kingdom, United States, Canada"
tick. tick... BOOM!,7.5,2021,November,PG-13,120,Lin Manuel Miranda,"Andrew Garfield, Alexandra Shipp, Robin de Jesus, Vanessa Hudgens","Biography, Comedy, Drama",USA,"$55,000,000 ","$112,777 ",United States
Antlers,5.9,2021,October,R,99,Scott Cooper,"Keri Russell, Jesse Plemons, Jeremy T Thomas, Graham Greene","Drama, Horror, Mystery",Canada,Unknown,"$18,867,659 ","Mexico, United States"
Jungle Cruise,6.6,2021,July,PG-13,127,Jaume Collet Serra,"Dwayne Johnson, Emily Blunt, Edgar Ram rez, Jack Whitehall","Action, Adventure, Comedy",USA,"$200,000,000 ","$220,889,446 ",United States
Drive My Car,7.6,2021,November,Unrated,179,Ry suke Hamaguchi,"Hidetoshi Nishijima, T ko Miura, Reika Kirishima, Masaki Okada",Drama,Japan,Unknown,"$15,313,054 ",Japan
Cherry,6.6,2021,March,R,142,"Anthony Russo, Joe Russo","Tom Holland, Ciara Bravo, Jack Reynor, Forrest Goodluck","Crime, Drama",Saudi Arabia,"$40,000,000 ",Unknown,United States
Finch,6.9,2021,November,PG-13,115,Miguel Sapochnik,"Tom Hanks, Caleb Landry Jones, Marie Wagenman, Lora Martinez Cunningham","Adventure, Drama, Sci-Fi",USA,Unknown,Unknown,"United States, India"
The Tragedy of Macbeth,7.1,2021,January,R,105,Joel Coen,"Denzel Washington, Frances McDormand, Alex Hassell, Bertie Carvel","Drama, Mystery, Thriller",USA,Unknown,"$524,771 ",United States
The Lost Daughter,6.7,2021,December,R,121,Maggie Gyllenhaal,"Olivia Colman, Jessie Buckley, Dakota Johnson, Ed Harris",Drama,Greece,Unknown,"$703,281 ","United States, United Kingdom, Israel, Greece"
Stillwater,6.6,2021,July,R,139,Tom McCarthy,"Matt Damon, Camille Cottin, Abigail Breslin, Lilou Siauvaud","Crime, Drama, Thriller",USA,Unknown,"$19,754,272 ",United States
The Sadness,6.5,2021,May,TV-MA,99,Rob Jabbaz,"Berant Zhu, Regina Lei, Ying Ru Chen, Tzu Chiang Wang",Horror,Taiwan,Unknown,"$430,254 ",Taiwan
The Unforgivable,7.1,2021,December,R,112,Nora Fingscheidt,"Sandra Bullock, Viola Davis, Vincent D Onofrio, Jon Bernthal","Crime, Drama",Canada,Unknown,"$13,062 ","United Kingdom, Germany, United States"
Spencer,6.6,2021,November,R,117,Pablo Larra n,"Kristen Stewart, Timothy Spall, Sally Hawkins, Jack Nielen","Biography, Drama",Germany,"$18,000,000 ","$24,901,028 ","United Kingdom, Germany, United States, Chile"
Candyman,5.9,2021,August,R,91,Nia DaCosta,"Yahya Abdul Mateen II, Teyonah Parris, Nathan Stewart Jarrett, Colman Domingo","Horror, Thriller",USA,"$22,000,000 ","$77,411,570 ","Canada, United States"
Kate,6.2,2021,September,R,106,Cedric Nicolas Troyan,"Mary Elizabeth Winstead, Woody Harrelson, Miku Patricia Martineau, Tadanobu Asano","Action, Adventure, Crime",Japan,Unknown,Unknown,United States
After We Fell,4.7,2021,October,R,98,Castille Landon,"Josephine Langford, Hero Fiennes Tiffin, Louise Lombard, Chance Perdomo","Drama, Romance",Bulgaria,Unknown,"$21,753,312 ","United States, Bulgaria"
Luca,7.4,2021,June,PG,95,Enrico Casarosa,"Jacob Tremblay, Jack Dylan Grazer, Emma Berman, Saverio Raimondo","Animation, Adventure, Comedy",Italy,Unknown,"$49,750,471 ",United States
The Hating Game,6.2,2021,December,R,102,Peter Hutchings,"Lucy Hale, Austin Stowell, Damon Daunno, Sakina Jaffrey","Comedy, Romance",USA,Unknown,"$1,539,384 ","United States, United Kingdom"
Titane,6.6,2021,October,R,108,Julia Ducournau,"Vincent Lindon, Agathe Rousselle, Garance Marillier, La s Salameh","Drama, Horror, Sci-Fi",France,"€ 5,700,000","$4,982,335 ","France, Belgium"
Till Death,5.8,2021,July,R,88,S K Dale,"Megan Fox, Eoin Macken, Callan Mulvey, Jack Roth",Thriller,Bulgaria,Unknown,"$594,582 ",United States
Raya and the Last Dragon,7.3,2021,March,PG,107,"Don Hall, Carlos L pez Estrada, Paul Briggs, John Ripa","Kelly Marie Tran, Awkwafina, Gemma Chan, Izaac Wang","Animation, Action, Adventure",Vietnam,Unknown,"$130,423,032 ",United States
Gunpowder Milkshake,6,2021,July,R,114,Navot Papushado,"Karen Gillan, Lena Headey, Carla Gugino, Michelle Yeoh","Action, Crime, Thriller",Germany,"$30,000,000 ","$1,015,760 ","France, Germany, United States"
Benediction,6.6,2021,December,PG-13,137,Terence Davies,"Jack Lowden, Anton Lesser, Kate Phillips, Peter Capaldi","Biography, Drama, War",United Kingdom,Unknown,"$847,418 ","United Kingdom, United States"
The Conjuring: The Devil Made Me Do It,6.3,2021,June,R,112,Michael Chaves,"Patrick Wilson, Vera Farmiga, Ruairi O Connor, Sarah Catherine Hook","Horror, Mystery, Thriller",USA,"$39,000,000 ","$206,401,480 ",United States
365 Days,3.3,2020,June,TV-MA,114,"Barbara Bialowas, Tomasz Mandes","Anna Maria Sieklucka, Michele Morrone, Bronislaw Wroclawski, Otar Saralidze","Drama, Romance",Poland,Unknown,"$9,458,590 ",Poland
The Babysitter: Killer Queen,5.8,2020,September,TV-MA,101,McG,"Judah Lewis, Samara Weaving, Jenna Ortega, Emily Alyn Lind","Comedy, Horror",USA,Unknown,Unknown,United States
Tenet,7.3,2020,September,PG-13,150,Christopher Nolan,"John David Washington, Robert Pattinson, Elizabeth Debicki, Juhan Ulfsak","Action, Sci-Fi, Thriller",Estonia,"$205,000,000 ","$365,294,355 ","United States, United Kingdom"
Holidate,6.1,2020,October,TV-MA,104,John Whitesell,"Emma Roberts, Luke Bracey, Kristin Chenoweth, Frances Fisher","Comedy, Romance",USA,Unknown,Unknown,United States
Happiest Season,6.6,2020,November,PG-13,102,Clea DuVall,"Kristen Stewart, Mackenzie Davis, Mary Steenburgen, Victor Garber","Comedy, Drama, Romance",USA,Unknown,"$2,110,618 ","United States, Canada"
Enola Holmes,6.6,2020,September,PG-13,123,Harry Bradbeer,"Millie Bobby Brown, Henry Cavill, Sam Claflin, Helena Bonham Carter","Action, Adventure, Crime",United Kingdom,"$20,000,000 ",Unknown,United Kingdom
Emma.,6.7,2020,March,PG,124,Autumn de Wilde,"Anya Taylor Joy, Johnny Flynn, Mia Goth, Josh O Connor","Comedy, Drama, Romance",UK,"$10,000,000 ","$26,404,660 ","United Kingdom, China"
The Christmas Chronicles: Part Two,6,2020,November,PG,112,Chris Columbus,"Kurt Russell, Goldie Hawn, Darby Camp, Julian Dennison","Adventure, Comedy, Family",Mexico,Unknown,Unknown,United States
Fatman,5.9,2020,November,R,100,"Eshom Nelms, Ian Nelms","Mel Gibson, Walton Goggins, Marianne Jean Baptiste, Chance Hurstfield","Action, Adventure, Comedy",Canada,Unknown,"$1,651,413 ","United Kingdom, Canada, United States"
The French Dispatch,7.1,2020,October,R,107,Wes Anderson,"Benicio Del Toro, Adrien Brody, Tilda Swinton, L a Seydoux","Comedy, Drama, Romance",France,"$25,000,000 ","$46,333,545 ","Germany, United States"
Wonder Woman 1984,5.4,2020,December,PG-13,151,Patty Jenkins,"Gal Gadot, Chris Pine, Kristen Wiig, Pedro Pascal","Action, Adventure, Fantasy",USA,"$200,000,000 ","$169,602,006 ",United States
Promising Young Woman,7.5,2020,December,R,113,Emerald Fennell,"Carey Mulligan, Bo Burnham, Alison Brie, Clancy Brown","Crime, Drama, Mystery",USA,Unknown,"$18,854,166 ","United Kingdom, United States"
Another Round,7.7,2020,December,Not Rated,117,Thomas Vinterberg,"Mads Mikkelsen, Thomas Bo Larsen, Magnus Millang, Lars Ranthe","Comedy, Drama",Denmark,Unknown,"$12,742,437 ","Denmark, Sweden, Netherlands"
A Quiet Place Part II,7.2,2020,May,PG-13,97,John Krasinski,"Emily Blunt, Millicent Simmonds, Cillian Murphy, John Krasinski","Drama, Horror, Sci-Fi",USA,Unknown,"$297,372,261 ",United States
Hamilton,8.4,2020,July,PG-13,160,Thomas Kail,"Lin Manuel Miranda, Phillipa Soo, Leslie Odom Jr , Ren e Elise Goldsberry","Biography, Drama, History",USA,Unknown,Unknown,United States
Jingle Jangle: A Christmas Journey,6.4,2020,November,PG,122,David E Talbert,"Forest Whitaker, Keegan Michael Key, Hugh Bonneville, Anika Noni Rose","Family, Fantasy, Musical",UK,Unknown,Unknown,United States
The Father,8.2,2020,February,PG-13,97,Florian Zeller,"Anthony Hopkins, Olivia Colman, Mark Gatiss, Olivia Williams","Drama, Mystery",UK,"$6,000,000 ","$24,598,259 ","United Kingdom, France, United States"
Let Him Go,6.7,2020,November,R,113,Thomas Bezucha,"Diane Lane, Kevin Costner, Kayli Carter, Ryan Bruce","Crime, Drama, Thriller",Canada,Unknown,"$10,835,686 ",United States
The Binge,5.3,2020,August,TV-MA,98,Jeremy Garelick,"Vince Vaughn, Skyler Gisondo, Dexter Darden, Eduardo Franco",Comedy,USA,Unknown,Unknown,United States
The Croods: A New Age,6.9,2020,November,PG,95,Joel Crawford,"Nicolas Cage, Emma Stone, Ryan Reynolds, Catherine Keener","Animation, Adventure, Comedy",Unknown,"$65,000,000 ","$215,905,815 ",United States
Inheritance,5.5,2020,May,TV-MA,111,Vaughn Stein,"Lily Collins, Simon Pegg, Connie Nielsen, Chace Crawford","Drama, Mystery, Thriller",USA,Unknown,"$304,931 ",United States
Ava,5.4,2020,September,R,96,Tate Taylor,"Jessica Chastain, John Malkovich, Common, Geena Davis","Action, Drama, Thriller",USA,Unknown,"$3,293,783 ",United States
The Devil All the Time,7.1,2020,September,R,138,Antonio Campos,"Bill Skarsg rd, Tom Holland, Banks Repeta, Emilio Subercaseaux Campos","Crime, Drama, Thriller",USA,Unknown,Unknown,United States
The Forgotten Battle,7.1,2020,October,TV-MA,124,Matthijs van Heijningen Jr,"Gijs Blom, Jamie Flatters, Susan Radder, Jan Bijvoet","Drama, War",Netherlands,"€ 14,000,000","$6,000,546 ","Netherlands, Belgium"
After We Collided,5,2020,October,R,105,Roger Kumble,"Josephine Langford, Hero Fiennes Tiffin, Dylan Sprouse, Louise Lombard","Drama, Romance",USA,Unknown,"$47,990,414 ",United States
I'm Thinking of Ending Things,6.6,2020,September,R,134,Charlie Kaufman,"Jesse Plemons, Jessie Buckley, Toni Collette, David Thewlis","Drama, Thriller",USA,Unknown,Unknown,United States
The Night House,6.5,2020,August,R,107,David Bruckner,"Rebecca Hall, Sarah Goldberg, Vondie Curtis Hall, Evan Jonigkeit","Horror, Mystery, Thriller",USA,Unknown,"$15,437,703 ","United Kingdom, United States"
The Old Guard,6.6,2020,July,R,125,Gina Prince Bythewood,"Charlize Theron, KiKi Layne, Matthias Schoenaerts, Marwan Kenzari","Action, Thriller",Morocco,"$70,000,000 ",Unknown,United States
The Hunt,6.5,2020,March,R,90,Craig Zobel,"Betty Gilpin, Hilary Swank, Ike Barinholtz, Wayne Duvall","Action, Horror, Thriller",USA,"$14,000,000 ","$10,550,350 ","United States, Japan, China"
Sonic the Hedgehog,6.5,2020,February,PG,99,Jeff Fowler,"Ben Schwartz, James Marsden, Jim Carrey, Tika Sumpter","Action, Adventure, Comedy",Canada,"$85,000,000 ","$319,715,683 ","United States, Japan, Canada"
Green Sea,6.5,2020,November,,94,Angeliki Antoniou,"Angeliki Papoulia, Giannis Tsortekis, Tasos Palatzidis, Anastasia Dendia",Drama,Unknown,Unknown,Unknown,"Greece, Germany"
A California Christmas,5.8,2020,December,PG-13,106,Shaun Paul Piccinino,"Lauren Swickard, Josh Swickard, Ali Afshar, David Del Rio","Comedy, Drama, Romance",USA,Unknown,Unknown,United States
Underwater,5.8,2020,January,PG-13,95,William Eubank,"Kristen Stewart, Vincent Cassel, Mamoudou Athie, T J Miller","Action, Horror, Sci-Fi",USA,"$80,000,000 ","$40,882,928 ",United States
Soul,8,2020,December,PG,100,"Pete Docter, Kemp Powers","Jamie Foxx, Tina Fey, Graham Norton, Rachel House","Animation, Adventure, Comedy",USA,Unknown,"$121,031,304 ",United States
Megan,4.2,2020,March,,89,Silvio Nacucchi,"Sadie Katz, Randy Wayne, Greg Travis, Lily Anthonissen",Thriller,Unknown,Unknown,Unknown,Italy
Extraction,6.7,2020,April,R,116,Sam Hargrave,"Chris Hemsworth, Bryon Lerum, Ryder Lerum, Rudhraksh Jaiswal","Action, Thriller",Bangladesh,"$65,000,000 ",Unknown,United States
Run,6.7,2020,November,PG-13,90,Aneesh Chaganty,"Sarah Paulson, Kiera Allen, Sara Sohn, Pat Healy","Mystery, Thriller",Canada,Unknown,"$5,184,368 ","United States, Canada"
Black Bear,6.5,2020,December,R,104,Lawrence Michael Levine,"Aubrey Plaza, Christopher Abbott, Sarah Gadon, Paola L zaro","Comedy, Drama",USA,Unknown,Unknown,United States
Birds of Prey,6,2020,February,R,109,Cathy Yan,"Margot Robbie, Rosie Perez, Mary Elizabeth Winstead, Jurnee Smollett","Action, Adventure, Comedy",USA,"$84,500,000 ","$205,322,941 ",United States
Boss Level,6.8,2020,March,TV-MA,100,Joe Carnahan,"Frank Grillo, Mel Gibson, Naomi Watts, Michelle Yeoh","Action, Adventure, Comedy",USA,"$45,000,000 ","$1,753,823 ",United States
The Woman in the Window,5.7,2020,May,R,100,Joe Wright,"Amy Adams, Gary Oldman, Anthony Mackie, Fred Hechinger","Crime, Drama, Mystery",USA,"$40,000,000 ",Unknown,United States
Mulan,5.7,2020,September,PG-13,115,Niki Caro,"Liu Yifei, Donnie Yen, Gong Li, Jet Li","Action, Adventure, Drama",New Zealand,"$200,000,000 ","$69,965,374 ","China, United States"
The New Mutants,5.3,2020,August,PG-13,94,Josh Boone,"Maisie Williams, Anya Taylor Joy, Charlie Heaton, Alice Braga","Action, Horror, Mystery",USA,"$67,000,000 ","$49,169,594 ",United States
Freaky,6.3,2020,November,R,102,Christopher Landon,"Vince Vaughn, Kathryn Newton, Celeste O Connor, Misha Osherovich","Comedy, Horror, Thriller",USA,"$5,000,000 ","$18,073,433 ",United States
Greyhound,7,2020,July,PG-13,91,Aaron Schneider,"Tom Hanks, Elisabeth Shue, Stephen Graham, Matt Helm","Action, Drama, History",USA,"$50,300,000 ",Unknown,"United States, Canada, China"
The Invisible Man,7.1,2020,February,R,124,Leigh Whannell,"Elisabeth Moss, Oliver Jackson Cohen, Harriet Dyer, Aldis Hodge","Drama, Horror, Mystery",Australia,"$7,000,000 ","$144,492,724 ","Australia, United States"
Palm Springs,7.4,2020,July,R,90,Max Barbakow,"Andy Samberg, Cristin Milioti, J K Simmons, Peter Gallagher","Comedy, Fantasy, Mystery",USA,Unknown,"$1,512,871 ","United States, Hong Kong"
Nomadland,7.3,2020,February,R,107,Chlo Zhao,"Frances McDormand, David Strathairn, Linda May, Gay DeForest",Drama,USA,"$5,000,000 ","$39,458,207 ",United States
The King of Staten Island,7.1,2020,June,R,136,Judd Apatow,"Pete Davidson, Bel Powley, Ricky Velez, Lou Wilson","Comedy, Drama",Unknown,"$35,000,000 ","$2,180,452 ","United States, China"
The Courier,7.2,2020,March,PG-13,112,Dominic Cooke,"Benedict Cumberbatch, Merab Ninidze, Rachel Brosnahan, Vladimir Chuprikov","Drama, History, Thriller",Czech Republic,Unknown,"$26,001,227 ","United Kingdom, United States"
Love and Monsters,6.9,2020,October,PG-13,109,Michael Matthews,"Dylan O Brien, Jessica Henwick, Michael Rooker, Dan Ewing","Action, Adventure, Comedy",Australia,Unknown,"$1,122,066 ","Canada, United States, Australia"
Pieces of a Woman,7,2020,January,R,126,Korn l Mundrucz,"Vanessa Kirby, Shia LaBeouf, Ellen Burstyn, Iliza Shlesinger",Drama,Canada,Unknown,Unknown,"Canada, Hungary, United States"
You Should Have Left,5.4,2020,June,R,93,David Koepp,"Kevin Bacon, Amanda Seyfried, Avery Tiiu Essex, Colin Blumenau","Horror, Thriller",UK,Unknown,Unknown,"United States, United Kingdom"
Possessor,6.5,2020,October,R,103,Brandon Cronenberg,"Andrea Riseborough, Christopher Abbott, Jennifer Jason Leigh, Rossif Sutherland","Horror, Mystery, Sci-Fi",Canada,Unknown,"$911,180 ","Canada, United Kingdom"
2 Hearts,6.3,2020,October,PG-13,101,Lance Hool,"Jacob Elordi, Adan Canto, Tiera Skovbye, Radha Mitchell","Drama, Romance",Canada,"$15,000,000 ","$1,349,286 ",United States
Bloodshot,5.7,2020,March,PG-13,109,Dave Wilson,"Vin Diesel, Eiza Gonz lez, Sam Heughan, Toby Kebbell","Action, Adventure, Sci-Fi",Canada,"$45,000,000 ","$39,861,118 ",United States
Unpregnant,6.5,2020,September,PG-13,103,Rachel Lee Goldenberg,"Haley Lu Richardson, Barbie Ferreira, Giancarlo Esposito, Alex MacNicoll","Comedy, Drama",USA,Unknown,Unknown,United States
The Witches,5.3,2020,October,PG,106,Robert Zemeckis,"Anne Hathaway, Octavia Spencer, Stanley Tucci, Chris Rock","Adventure, Comedy, Family",UK,Unknown,"$29,333,671 ","United States, Mexico"
Greenland,6.4,2020,December,PG-13,119,Ric Roman Waugh,"Gerard Butler, Morena Baccarin, Roger Dale Floyd, Scott Glenn","Action, Thriller",Iceland,"$34,000,000 ","$52,300,000 ","United States, United Kingdom"
Eurovision Song Contest: The Story of Fire Saga,6.5,2020,June,PG-13,123,David Dobkin,"Will Ferrell, Rachel McAdams, Dan Stevens, Mikael Persbrandt","Comedy, Musical",Iceland,Unknown,Unknown,"United States, Iceland, Canada"
Operation Christmas Drop,5.8,2020,November,TV-G,95,Martin Wood,"Kat Graham, Alexander Ludwig, Trezzo Mahoro, Bethany Brown","Comedy, Family, Romance",Guam,Unknown,Unknown,United States
Mank,6.8,2020,December,R,131,David Fincher,"Gary Oldman, Amanda Seyfried, Lily Collins, Tom Pelphrey","Biography, Comedy, Drama",USA,Unknown,Unknown,United States
What We Found,5.4,2020,July,Not Rated,110,Ben Hickernell,"Elizabeth Mitchell, Oona Laurence, Brandon Larracuente, Giorgia Whigham",Thriller,USA,Unknown,"$6,976 ",United States
Monster Hunter,5.2,2020,December,PG-13,103,Paul W S Anderson,"Milla Jovovich, Tony Jaa, Ron Perlman, T I ","Action, Adventure, Fantasy",South Africa,"$60,000,000 ","$42,145,959 ","Germany, United States, Japan, China, South Africa, Canada"
Run Sweetheart Run,5.4,2020,October,R,104,Shana Feste,"Ella Balinska, Pilou Asb k, Clark Gregg, Shohreh Aghdashloo","Horror, Thriller",USA,"$30,000,000 ",Unknown,United States
Fantasy Island,4.9,2020,February,PG-13,109,Jeff Wadlow,"Michael Pe a, Maggie Q, Lucy Hale, Austin Stowell","Fantasy, Horror, Mystery",Fiji,"$7,000,000 ","$49,447,308 ",United States
The Call of the Wild,6.7,2020,February,PG,100,Chris Sanders,"Harrison Ford, Omar Sy, Cara Gee, Dan Stevens","Adventure, Drama, Family",Canada,"$135,000,000 ","$111,202,881 ",United States
Unhinged,6,2020,August,R,90,Derrick Borte,"Russell Crowe, Caren Pistorius, Gabriel Bateman, Jimmi Simpson","Action, Thriller",USA,"$33,000,000 ","$44,331,465 ","United Kingdom, United States"
The Princess Switch: Switched Again,5.4,2020,November,TV-G,96,Mike Rohl,"John Jack, Vanessa Hudgens, Sam Palladio, Mark Fleischmann","Comedy, Drama, Family",UK,"$10,000,000 ",Unknown,United States
The Trial of the Chicago 7,7.7,2020,October,R,129,Aaron Sorkin,"Eddie Redmayne, Alex Sharp, Sacha Baron Cohen, Jeremy Strong","Drama, History, Thriller",USA,"$35,000,000 ",Unknown,"United States, United Kingdom, India"
The Rental,5.7,2020,July,R,88,Dave Franco,"Dan Stevens, Alison Brie, Sheila Vand, Jeremy Allen White","Drama, Horror, Mystery",USA,"$3,500,000 ","$4,311,042 ",United States
Honest Thief,6,2020,October,PG-13,99,Mark Williams,"Liam Neeson, Kate Walsh, Jai Courtney, Jeffrey Donovan","Action, Thriller",USA,Unknown,"$31,220,247 ",United States
Bill & Ted Face the Music,5.9,2020,August,PG-13,91,Dean Parisot,"Keanu Reeves, Alex Winter, Kristen Schaal, Samara Weaving","Adventure, Comedy, Music",USA,Unknown,"$6,274,027 ",United States
Fatale,5.4,2020,December,R,102,Deon Taylor,"Hilary Swank, Michael Ealy, Mike Colter, Damaris Lewis",Thriller,USA,Unknown,"$7,031,289 ",United States
The Midnight Sky,5.6,2020,December,PG-13,118,George Clooney,"George Clooney, Felicity Jones, David Oyelowo, Caoilinn Springall","Adventure, Drama, Sci-Fi",Spain,Unknown,"$70,018 ",United States
Spenser Confidential,6.2,2020,March,R,111,Peter Berg,"Mark Wahlberg, Winston Duke, Alan Arkin, Iliza Shlesinger","Action, Comedy, Drama",USA,Unknown,Unknown,United States
Bad Boys for Life,6.5,2020,January,R,124,"Adil El Arbi, Bilall Fallah","Will Smith, Martin Lawrence, Vanessa Hudgens, Alexander Ludwig","Action, Comedy, Crime",Mexico,"$90,000,000 ","$426,505,244 ",United States
Riders of Justice,7.5,2020,May,Not Rated,116,Anders Thomas Jensen,"Mads Mikkelsen, Nikolaj Lie Kaas, Andrea Heick Gadeberg, Lars Brygmann","Action, Comedy, Drama",Denmark,"$5,300,000 ","$2,000,541 ","Denmark, Sweden, Finland"
The Wolf of Snow Hollow,6.2,2020,October,R,85,Jim Cummings,"Jim Cummings, Riki Lindhome, Robert Forster, Chloe East","Comedy, Horror, Mystery",USA,"$2,000,000 ","$266,963 ",United States
I Care a Lot,6.3,2020,February,R,118,J Blakeson,"Rosamund Pike, Peter Dinklage, Eiza Gonz lez, Dianne Wiest","Comedy, Crime, Drama",USA,"$14,000,000 ","$1,351,662 ","United States, United Kingdom"
Spontaneous,6.5,2020,October,R,101,Brian Duffield,"Katherine Langford, Charlie Plummer, Yvonne Orji, Hayley Law","Comedy, Drama, Horror",Canada,Unknown,Unknown,United States
Ammonite,6.5,2020,November,R,120,Francis Lee,"Kate Winslet, Saoirse Ronan, Gemma Jones, James McArdle","Biography, Drama, History",UK,Unknown,"$1,109,287 ","United Kingdom, Australia, United States"
Friendsgiving,4.4,2020,October,R,95,Nicol Paone,"Malin Akerman, Kat Dennings, Jack Donnelly, Aisha Tyler","Comedy, Drama",USA,Unknown,"$122,039 ",United States
Run Hide Fight,6.3,2020,January,TV-MA,109,Kyle Rankin,"Isabel May, Radha Mitchell, Thomas Jane, Eli Brown","Crime, Drama, Thriller",USA,Unknown,"$34,561 ",United States
The Claus Family,5.5,2020,November,TV-PG,96,Matthias Temmermans,"Jan Decleir, Mo Bakker, Bracha van Doesburgh, Ren e Soutendijk","Comedy, Family, Fantasy",Belgium,Unknown,Unknown,Belgium
Horizon Line,4.8,2020,January,PG-13,92,Mikael Marcimain,"Allison Williams, Alexander Dreymon, Keith David, Pearl Mackie","Action, Adventure, Drama",UK,Unknown,"$916,042 ","Sweden, United States"
Demon Slayer the Movie: Mugen Train,8.2,2020,April,R,117,Haruo Sotozaki,"Natsuki Hanae, Akari Kit , Yoshitsugu Matsuoka, Hiro Shimono","Animation, Action, Adventure",Japan,Unknown,"$453,210,959 ",Japan
The Dry,6.8,2020,May,R,117,Robert Connolly,"Eric Bana, Genevieve O Reilly, Keir O Donnell, John Polson","Crime, Drama, Mystery",Australia,Unknown,"$17,424,378 ","Australia, United States, United Kingdom"
The Oak Room,5.6,2020,April,,90,Cody Calahan,"RJ Mitte, Peter Outerbridge, Ari Millen, Nicholas Campbell","Mystery, Thriller",Canada,Unknown,Unknown,Canada
The Call,7.1,2020,November,TV-MA,112,Chung Hyun Lee,"Park Shin Hye, Jeon Jong seo, Kim Sung ryung, Lee El","Crime, Horror, Mystery",South Korea,Unknown,Unknown,South Korea
Rebecca,6,2020,October,PG-13,123,Ben Wheatley,"Lily James, Armie Hammer, Kristin Scott Thomas, Keeley Hawes","Drama, Mystery, Romance",UK,Unknown,Unknown,"United Kingdom, United States"
The Nest,6.3,2020,September,R,107,Sean Durkin,"Jude Law, Carrie Coon, Oona Roche, Charlie Shotwell","Drama, Romance",Canada,Unknown,"$2,122,682 ","United Kingdom, Canada"
The Empty Man,6.2,2020,October,R,137,David Prior,"James Badge Dale, Marin Ireland, Sasha Frolova, Samantha Logan","Horror, Mystery, Thriller",USA,Unknown,"$4,796,993 ","United States, South Africa, France"
Zola,6.5,2020,June,R,86,Janicza Bravo,"Taylour Paige, Riley Keough, Nicholas Braun, Ari el Stachel","Comedy, Crime, Drama",USA,Unknown,"$4,998,097 ",United States
Onward,7.4,2020,March,PG,102,Dan Scanlon,"Tom Holland, Chris Pratt, Julia Louis Dreyfus, Octavia Spencer","Animation, Adventure, Comedy",USA,"$175,000,000 ","$141,940,042 ",United States
Shadow in the Cloud,5,2020,January,R,83,Roseanne Liang,"Chlo Grace Moretz, Nick Robinson, Beulah Koale, Taylor John Smith","Action, Horror, War",New Zealand,Unknown,"$1,054,290 ","New Zealand, United States"
Shiva Baby,7.1,2020,April,Not Rated,77,Emma Seligman,"Rachel Sennott, Danny Deferrari, Fred Melamed, Polly Draper","Comedy, Drama",USA,Unknown,"$314,106 ",United States
Borat Subsequent Moviefilm,6.6,2020,October,R,95,Jason Woliner,"Sacha Baron Cohen, Maria Bakalova, Tom Hanks, Dani Popescu",Comedy,Romania,Unknown,Unknown,"United States, United Kingdom"
Minari,7.4,2020,February,PG-13,115,Lee Isaac Chung,"Steven Yeun, Yeri Han, Alan Kim, Noel Cho",Drama,USA,"$2,000,000 ","$15,312,445 ",United States
Lost Bullet,6.3,2020,June,TV-MA,92,Guillaume Pierret,"Alban Lenoir, Nicolas Duvauchelle, Ramzy Bedia, St fi Celma","Action, Crime, Thriller",France,Unknown,Unknown,France
Knives Out,7.9,2019,November,PG-13,130,Rian Johnson,"Daniel Craig, Chris Evans, Ana de Armas, Jamie Lee Curtis","Comedy, Crime, Drama",USA,"$40,000,000 ","$312,897,920 ",United States
Klaus,8.1,2019,November,PG,96,"Sergio Pablos, Carlos Mart nez L pez","Jason Schwartzman, J K Simmons, Rashida Jones, Will Sasso","Animation, Adventure, Comedy",Unknown,"$40,000,000 ",Unknown,"Spain, United Kingdom, United States"
Last Christmas,6.5,2019,November,PG-13,103,Paul Feig,"Madison Ingoldsby, Emma Thompson, Boris Isakovic, Lucy Miller","Comedy, Drama, Fantasy",United Kingdom,"$25,000,000 ","$123,446,172 ","United Kingdom, United States, China"
Once Upon a Time in Hollywood,7.6,2019,July,R,161,Quentin Tarantino,"Leonardo DiCaprio, Brad Pitt, Margot Robbie, Emile Hirsch","Comedy, Drama",USA,"$90,000,000 ","$377,617,598 ","United States, United Kingdom, China"
Midsommar,7.1,2019,July,R,148,Ari Aster,"Florence Pugh, Jack Reynor, Vilhelm Blomgren, William Jackson Harper","Drama, Horror, Mystery",Hungary,"$9,000,000 ","$47,969,371 ","United States, Sweden"
Avengers: Endgame,8.4,2019,April,PG-13,181,"Anthony Russo, Joe Russo","Robert Downey Jr , Chris Evans, Mark Ruffalo, Chris Hemsworth","Action, Adventure, Drama",UK,"$356,000,000 ","$2,797,501,328 ",United States
Joker,8.4,2019,October,R,122,Todd Phillips,"Joaquin Phoenix, Robert De Niro, Zazie Beetz, Frances Conroy","Crime, Drama, Thriller",USA,"$55,000,000 ","$1,074,458,282 ","United States, Canada"
The Gentlemen,7.8,2019,January,R,113,Guy Ritchie,"Matthew McConaughey, Charlie Hunnam, Michelle Dockery, Jeremy Strong","Action, Comedy, Crime",UK,"$22,000,000 ","$115,171,795 ","United Kingdom, United States"
Parasite,8.5,2019,November,R,132,Bong Joon Ho,"Song Kang ho, Lee Sun kyun, Cho Yeo jeong, Choi Woo sik","Drama, Thriller",South Korea,"$11,400,000 ","$262,676,096 ",South Korea
The Addams Family,5.8,2019,October,PG,86,"Greg Tiernan, Conrad Vernon","Oscar Isaac, Charlize Theron, Chlo Grace Moretz, Finn Wolfhard","Animation, Comedy, Family",USA,"$24,000,000 ","$204,394,183 ","Canada, United States"
Little Women,7.8,2019,December,PG,135,Greta Gerwig,"Saoirse Ronan, Emma Watson, Florence Pugh, Eliza Scanlen","Drama, Romance",USA,"$40,000,000 ","$218,843,645 ",United States
Noelle,6.3,2019,November,G,100,Marc Lawrence,"Anna Kendrick, Shirley MacLaine, Bill Hader, Kingsley Ben Adir","Adventure, Comedy, Family",USA,Unknown,Unknown,United States
Burn,5.7,2019,August,R,88,Mike Gan,"Tilda Cobham Hervey, Josh Hutcherson, Suki Waterhouse, Harry Shum Jr ","Comedy, Crime, Thriller",USA,Unknown,"$25,373 ",United States
Alita: Battle Angel,7.3,2019,February,PG-13,122,Robert Rodriguez,"Rosa Salazar, Christoph Waltz, Jennifer Connelly, Mahershala Ali","Action, Adventure, Sci-Fi",USA,"$170,000,000 ","$404,980,543 ","Japan, Canada, United States"
1917,8.2,2019,January,R,119,Sam Mendes,"Dean Charles Chapman, George MacKay, Daniel Mays, Colin Firth","Action, Drama, War",UK,"$95,000,000 ","$384,576,334 ","United Kingdom, United States, India, Spain"
The Irishman,7.8,2019,November,R,209,Martin Scorsese,"Robert De Niro, Al Pacino, Joe Pesci, Harvey Keitel","Biography, Crime, Drama",USA,"$159,000,000 ","$968,853 ",United States
Star Wars: The Rise Of Skywalker,6.5,2019,December,PG-13,141,J J Abrams,"Daisy Ridley, John Boyega, Oscar Isaac, Adam Driver","Action, Adventure, Fantasy",Jordan,"$275,000,000 ","$1,074,149,279 ",United States
After,5.3,2019,April,PG-13,105,Jenny Gage,"Josephine Langford, Hero Fiennes Tiffin, Khadijha Red Thunder, Dylan Arnold","Drama, Romance",USA,"$14,000,000 ","$69,497,587 ",United States
Terminator: Dark Fate,6.2,2019,November,R,128,Tim Miller,"Linda Hamilton, Arnold Schwarzenegger, Mackenzie Davis, Natalia Reyes","Action, Adventure, Sci-Fi",Spain,"$185,000,000 ","$261,119,292 ","United States, Spain, Hungary"
Ford v Ferrari,8.1,2019,November,PG-13,152,James Mangold,"Matt Damon, Christian Bale, Jon Bernthal, Caitr ona Balfe","Action, Biography, Drama",USA,"$97,600,000 ","$225,508,210 ",United States
Shazam!,7,2019,April,PG-13,132,David F Sandberg,"Zachary Levi, Mark Strong, Asher Angel, Jack Dylan Grazer","Action, Adventure, Comedy",Canada,"$100,000,000 ","$366,080,049 ","United States, Canada"
Five Feet Apart,7.2,2019,March,PG-13,116,Justin Baldoni,"Haley Lu Richardson, Cole Sprouse, Moises Arias, Kimberly Hebert Gregory","Drama, Romance",USA,"$7,000,000 ","$92,559,910 ",United States
Uncut Gems,7.4,2019,December,R,135,"Benny Safdie, Josh Safdie","Adam Sandler, Julia Fox, Idina Menzel, Mesfin Lamengo","Crime, Drama, Thriller",South Africa,"$19,000,000 ","$50,023,780 ",United States
Pinocchio,6.2,2019,December,PG-13,125,Matteo Garrone,"Federico Ielapi, Roberto Benigni, Rocco Papaleo, Massimo Ceccherini","Drama, Family, Fantasy",Italy,"€ 14,750,000","$23,841,090 ","Italy, France, United Kingdom"
Polar,6.3,2019,January,TV-MA,118,Jonas kerlund,"Mads Mikkelsen, Vanessa Hudgens, Katheryn Winnick, Fei Ren","Action, Thriller",Canada,Unknown,Unknown,"United States, Germany"
Jojo Rabbit,7.9,2019,November,PG-13,108,Taika Waititi,"Roman Griffin Davis, Thomasin McKenzie, Scarlett Johansson, Taika Waititi","Comedy, Drama, War",Czech Republic,"$14,000,000 ","$90,335,025 ","New Zealand, United States, Czech Republic"
Let It Snow,5.8,2019,November,PG-13,92,Luke Snellin,"Isabela Merced, Shameik Moore, Odeya Rush, Liv Hewson","Comedy, Romance",Canada,Unknown,Unknown,United States
The Lighthouse,7.4,2019,November,R,109,Robert Eggers,"Robert Pattinson, Willem Dafoe, Valeriia Karaman, Logan Hawkes","Drama, Fantasy, Horror",Canada,"$11,000,000 ","$18,129,854 ","United States, Brazil, Canada"
The King,7.3,2019,November,R,140,David Mich d,"Tom Glynn Carney, G bor Czap, Tom Fisher, Edward Ashley","Biography, Drama, History",Hungary,Unknown,"$126,931 ","United Kingdom, Hungary, United States, Australia"
Us,6.8,2019,March,R,116,Jordan Peele,"Lupita Nyong o, Winston Duke, Elisabeth Moss, Tim Heidecker","Horror, Mystery, Thriller",USA,"$20,000,000 ","$256,067,149 ","United States, China, Japan"
John Wick: Chapter 3 - Parabellum,7.4,2019,May,R,130,Chad Stahelski,"Keanu Reeves, Halle Berry, Ian McShane, Laurence Fishburne","Action, Crime, Thriller",Morocco,"$75,000,000 ","$328,349,387 ",United States
Cats,2.8,2019,December,PG,110,Tom Hooper,"James Corden, Judi Dench, Jason Derulo, Idris Elba","Comedy, Drama, Family",UK,"$95,000,000 ","$75,558,925 ","United Kingdom, United States, Canada, Australia, Japan, China"
Doctor Sleep,7.3,2019,November,R,152,Mike Flanagan,"Ewan McGregor, Rebecca Ferguson, Kyliegh Curran, Cliff Curtis","Drama, Fantasy, Horror",USA,"$45,000,000 ","$72,381,712 ",United States
The Platform,7,2019,March,TV-MA,94,Galder Gaztelu Urrutia,"Ivan Massagu , Zorion Eguileor, Antonia San Juan, Emilio Buale","Horror, Sci-Fi, Thriller",Unknown,Unknown,"$1,090,116 ",Spain
Hustlers,6.3,2019,September,R,110,Lorene Scafaria,"Constance Wu, Jennifer Lopez, Julia Stiles, Mette Narrative","Comedy, Crime, Drama",USA,"$20,000,000 ","$157,563,598 ",United States
Frozen II,6.8,2019,November,PG,103,"Chris Buck, Jennifer Lee","Kristen Bell, Idina Menzel, Josh Gad, Jonathan Groff","Animation, Adventure, Comedy",USA,"$150,000,000 ","$1,450,026,933 ",United States
Ad Astra,6.5,2019,September,PG-13,123,James Gray,"Brad Pitt, Tommy Lee Jones, Ruth Negga, Donald Sutherland","Adventure, Drama, Mystery",USA,"$90,000,000 ","$127,461,872 ","United States, China, Brazil"
Aladdin,6.9,2019,May,PG,128,Guy Ritchie,"Will Smith, Mena Massoud, Naomi Scott, Marwan Kenzari","Adventure, Comedy, Family",Jordan,"$183,000,000 ","$1,050,693,953 ","United States, United Kingdom"
Ready or Not,6.8,2019,August,R,95,"Matt Bettinelli Olpin, Tyler Gillett","Samara Weaving, Adam Brody, Mark O Brien, Henry Czerny","Action, Comedy, Horror",Canada,"$6,000,000 ","$57,615,777 ",United States
Captain Marvel,6.8,2019,March,PG-13,123,"Anna Boden, Ryan Fleck","Brie Larson, Samuel L Jackson, Ben Mendelsohn, Jude Law","Action, Adventure, Sci-Fi",USA,"$160,000,000 ","$1,128,462,972 ","United States, Australia"
Glass,6.6,2019,January,PG-13,129,M Night Shyamalan,"James McAvoy, Bruce Willis, Samuel L Jackson, Anya Taylor Joy","Drama, Horror, Sci-Fi",USA,"$20,000,000 ","$246,999,039 ","United States, China"
Spider-Man: Far from Home,7.4,2019,July,PG-13,129,Jon Watts,"Tom Holland, Samuel L Jackson, Jake Gyllenhaal, Marisa Tomei","Action, Adventure, Sci-Fi",Czech Republic,"$160,000,000 ","$1,131,927,996 ",United States
6 Underground,6.1,2019,December,R,128,Michael Bay,"Ryan Reynolds, M lanie Laurent, Manuel Garcia Rulfo, Ben Hardy","Action, Thriller",Hungary,"$150,000,000 ",Unknown,United States
A Beautiful Day in the Neighborhood,7.2,2019,November,PG,109,Marielle Heller,"Matthew Rhys, Tom Hanks, Chris Cooper, Susan Kelechi Watson","Biography, Drama",USA,"$25,000,000 ","$67,925,733 ","China, United States"
The Lion King,6.8,2019,July,PG,118,Jon Favreau,"Donald Glover, Beyonc , Seth Rogen, Chiwetel Ejiofor","Animation, Adventure, Drama",South Africa,"$260,000,000 ","$1,663,250,487 ","United States, United Kingdom"
Jumanji: The Next Level,6.7,2019,December,PG-13,123,Jake Kasdan,"Dwayne Johnson, Jack Black, Kevin Hart, Karen Gillan","Action, Adventure, Comedy",Canada,"$125,000,000 ","$801,693,929 ",United States
Marriage Story,7.9,2019,December,R,137,Noah Baumbach,"Adam Driver, Scarlett Johansson, Julia Greer, Azhy Robertson","Drama, Romance",USA,"$18,600,000 ","$333,686 ","United Kingdom, United States"
Portrait of a Lady on Fire,8.1,2019,February,R,122,C line Sciamma,"No mie Merlant, Ad le Haenel, Lu na Bajrami, Valeria Golino","Drama, Romance",France,Unknown,"$10,067,884 ",France
Black Christmas,3.5,2019,December,PG-13,92,Sophia Takal,"Imogen Poots, Aleyse Shannon, Lily Donoghue, Brittany O Grady","Horror, Mystery, Thriller",New Zealand,"$5,000,000 ","$18,529,730 ","United States, New Zealand, Canada"
El Camino: A Breaking Bad Movie,7.3,2019,October,TV-MA,122,Vince Gilligan,"Aaron Paul, Jonathan Banks, Matt Jones, Charles Baker","Action, Crime, Drama",USA,"$6,000,000 ",Unknown,United States
It Chapter Two,6.5,2019,September,R,169,Andy Muschietti,"Jessica Chastain, James McAvoy, Bill Hader, Isaiah Mustafa","Drama, Fantasy, Horror",Canada,"$79,000,000 ","$473,122,525 ","United States, Canada"
Bombshell,6.8,2019,December,R,109,Jay Roach,"Charlize Theron, Nicole Kidman, Margot Robbie, John Lithgow","Biography, Drama",USA,"$32,000,000 ","$61,404,394 ","Canada, United States"
Escape Room,6.4,2019,January,PG-13,99,Adam Robitel,"Taylor Russell, Logan Miller, Jay Ellis, Tyler Labine","Action, Adventure, Horror",USA,"$9,000,000 ","$155,712,077 ","United States, South Africa"
Anna,6.6,2019,June,R,118,Luc Besson,"Sasha Luss, Helen Mirren, Luke Evans, Cillian Murphy","Action, Thriller",Serbia,"€ 30,690,000","$31,626,978 ","France, United States, Canada, Russia"
Fast & Furious Presents: Hobbs & Shaw,6.5,2019,August,PG-13,137,David Leitch,"Dwayne Johnson, Jason Statham, Idris Elba, Vanessa Kirby","Action, Adventure, Thriller",USA,"$200,000,000 ","$760,732,926 ","United States, Japan"
Downton Abbey,7.4,2019,September,PG,122,Michael Engler,"Stephen Campbell Moore, Michael Fox, Lesley Nicol, Sophie McShera","Drama, Romance",UK,"$13,000,000 ","$194,694,725 ","United Kingdom, United States, China"
Queen of Hearts,7.1,2019,November,Not Rated,127,May el Toukhy,"Trine Dyrholm, Gustav Lindh, Magnus Krepper, Liv Esm r Dannemann",Drama,Denmark,"DKK 19,500,000","$437,005 ","Denmark, Sweden"
Hellboy,5.2,2019,April,R,120,Neil Marshall,"David Harbour, Milla Jovovich, Ian McShane, Sasha Lane","Action, Adventure, Fantasy",Bulgaria,"$50,000,000 ","$55,065,289 ","United States, United Kingdom, Bulgaria, Canada, Portugal, France"
The Knight Before Christmas,5.6,2019,November,TV-PG,92,Monika Mitchell,"Vanessa Hudgens, Josh Whitehouse, Emmanuelle Chriqui, Ella Kenion","Adventure, Comedy, Drama",Canada,Unknown,Unknown,United States
Brightburn,6.1,2019,May,R,90,David Yarovesky,"Elizabeth Banks, David Denman, Jackson A Dunn, Abraham Clinkscales","Drama, Horror, Mystery",USA,"$6,000,000 ","$33,224,654 ",United States
Toy Story 4,7.7,2019,June,G,100,Josh Cooley,"Tom Hanks, Tim Allen, Annie Potts, Tony Hale","Animation, Adventure, Comedy",USA,"$200,000,000 ","$1,073,394,593 ",United States
Booksmart,7.1,2019,May,R,102,Olivia Wilde,"Kaitlyn Dever, Beanie Feldstein, Jessica Williams, Jason Sudeikis",Comedy,USA,"$6,000,000 ","$24,959,607 ",United States
Yesterday,6.8,2019,June,PG-13,116,Danny Boyle,"Himesh Patel, Lily James, Sophia Di Martino, Ellise Chappell","Comedy, Fantasy, Music",UK,"$26,000,000 ","$154,608,668 ","United Kingdom, China, Japan, United States"
Charlie's Angels,4.9,2019,November,PG-13,118,Elizabeth Banks,"Kristen Stewart, Naomi Scott, Ella Balinska, Elizabeth Banks","Action, Adventure, Comedy",Turkey,"$48,000,000 ","$73,279,888 ","United States, China, Germany"
The Dead Don't Die,5.4,2019,June,R,104,Jim Jarmusch,"Bill Murray, Adam Driver, Tom Waits, Chlo Sevigny","Comedy, Fantasy, Horror",USA,Unknown,"$15,325,468 ",United States
Triple Frontier,6.4,2019,March,R,125,J C Chandor,"Ben Affleck, Oscar Isaac, Charlie Hunnam, Garrett Hedlund","Action, Thriller",Colombia,"$115,000,000 ",Unknown,United States
Midway,6.7,2019,November,PG-13,138,Roland Emmerich,"Ed Skrein, Patrick Wilson, Woody Harrelson, Luke Evans","Action, Drama, History",Canada,"$100,000,000 ","$127,420,861 ","United States, Canada"
X-Men: Dark Phoenix,5.7,2019,June,PG-13,113,Simon Kinberg,"James McAvoy, Michael Fassbender, Jennifer Lawrence, Nicholas Hoult","Action, Adventure, Sci-Fi",Canada,"$200,000,000 ","$252,442,974 ","United States, Canada"
Sound of Metal,7.7,2019,December,R,120,Darius Marder,"Riz Ahmed, Olivia Cooke, Paul Raci, Lauren Ridloff","Drama, Music",Belgium,"$5,400,000 ","$516,520 ",United States
Jexi,6,2019,October,R,84,"Jon Lucas, Scott Moore","Adam Devine, Alexandra Shipp, Rose Byrne, Ron Funches","Comedy, Romance, Sci-Fi",USA,"$5,000,000 ","$9,341,824 ","United States, Canada"
Fighting with My Family,7.1,2019,February,PG-13,108,Stephen Merchant,"Dwayne Johnson, Lena Headey, Vince Vaughn, Florence Pugh","Biography, Comedy, Drama",UK,"$11,000,000 ","$41,503,392 ","United Kingdom, United States"
Zombieland: Double Tap,6.7,2019,October,R,99,Ruben Fleischer,"Woody Harrelson, Jesse Eisenberg, Emma Stone, Abigail Breslin","Action, Comedy, Horror",USA,"$42,000,000 ","$122,810,399 ",United States
Vivarium,5.8,2019,March,R,97,Lorcan Finnegan,"Imogen Poots, Danielle Ryan, Molly McCann, Jesse Eisenberg","Horror, Mystery, Sci-Fi",Ireland,"$4,000,000 ","$487,625 ","Ireland, Belgium, Denmark"
The Peanut Butter Falcon,7.6,2019,August,PG-13,97,"Tyler Nilson, Michael Schwartz","Zack Gottsagen, Ann Pierce, Dakota Johnson, Bruce Dern","Adventure, Comedy, Drama",USA,"$6,200,000 ","$133,031,473 ",United States
